instance,day,live,sim,common,jaccard
11,2026-09-08,4,4,4,1.0
11,2026-09-10,14,14,14,1.0
11,2026-09-11,8,10,8,0.8
11,2026-09-15,17,17,17,1.0
11,2026-09-17,12,13,12,0.9231
11,2026-09-18,14,14,14,1.0
11,2026-09-22,8,7,7,0.875
11,2026-09-24,11,11,11,1.0
11,2026-09-25,13,13,13,1.0
11,2026-09-29,7,8,7,0.875
11,2026-10-01,14,16,14,0.875
11,2026-10-02,16,16,16,1.0
11,2026-10-06,9,9,9,1.0
8,2026-09-10,40,40,35,0.7778
8,2026-09-17,35,30,30,0.8571
8,2026-09-24,37,36,35,0.9211
8,2026-10-01,40,40,37,0.8605
10,2026-09-08,29,27,27,0.931
10,2026-09-14,50,50,46,0.8519
10,2026-09-15,50,50,43,0.7544
10,2026-09-21,50,50,42,0.7241
10,2026-09-22,46,37,36,0.766
10,2026-09-28,45,41,41,0.9111
10,2026-09-29,50,50,47,0.8868
10,2026-10-05,50,48,48,0.96
10,2026-10-06,36,34,31,0.7949
7,2026-09-14,30,30,22,0.5789
7,2026-09-21,30,30,23,0.6216
7,2026-09-28,30,30,26,0.7647
7,2026-10-05,30,30,25,0.7143
