variant,side,gate,rsi_n,th,exit,period,N,Win,AvgPct,PF,Hold,Stops,CAR,MaxDD,Sharpe,CapUsed,CorrSPY
L-sma200-rsi2<5-sma5,L,sma200,2,5,sma5,IS,975,0.6461538461538462,0.0027614798317199462,1.21512946872706,4.844102564102564,0.13025641025641024,0.08166982951964563,-0.08904867102993463,0.7593136724686358,0.4126984126984127,0.5641367456420479
L-sma200-rsi2<5-sma5,L,sma200,2,5,sma5,OOS,1312,0.6532012195121951,0.0068601636671527045,1.655243634272606,5.240091463414634,0.07240853658536585,0.2233005504407688,-0.09604467921774618,1.4955898325464938,0.39899665551839464,0.5673282996358537
L-sma200-rsi2<5-rsi,L,sma200,2,5,rsi,IS,963,0.6531671858774662,0.0034591969921928646,1.2292369414891855,6.257528556593977,0.16510903426791276,0.03790986865225476,-0.14433836224805374,0.3623746709046692,0.4710317460317461,0.6051243167715484
L-sma200-rsi2<5-rsi,L,sma200,2,5,rsi,OOS,1281,0.6799375487900078,0.006431582851585681,1.50422003214936,6.683060109289618,0.09914129586260734,0.19366500728897895,-0.13393802986901626,1.3648677424747597,0.47591973244147157,0.6293025790476126
L-sma200-rsi2<5-chan,L,sma200,2,5,chan,IS,941,0.5781083953241233,0.0015709310033794831,1.0751513523310836,9.597236981934113,0.22422954303931988,0.01081736058556415,-0.20243306666408667,0.146744749773084,0.5894179894179894,0.6783636890782312
L-sma200-rsi2<5-chan,L,sma200,2,5,chan,OOS,1249,0.6277021617293835,0.0097661331897479,1.5736903263274933,10.056044835868695,0.14011208967173738,0.21278043944095382,-0.17167324585801635,1.358754318536036,0.6337792642140468,0.670360416680581
L-sma200-rsi2<5-sma5+choch,L,sma200,2,5,sma5+choch,IS,1011,0.6231454005934718,0.00212415399255181,1.1761357606984018,4.183976261127596,0.10682492581602374,0.07531642892809343,-0.09033599249032498,0.7523153031958175,0.3955026455026455,0.5156677018759978
L-sma200-rsi2<5-sma5+choch,L,sma200,2,5,sma5+choch,OOS,1381,0.6314265025343954,0.005900544685394828,1.626671036654644,4.3982621288921075,0.056480811006517015,0.20733558697421817,-0.07473674638788885,1.5609218973751193,0.3674470457079153,0.5706315061133034
L-sma200-rsi2<5-time5,L,sma200,2,5,time5,IS,996,0.5291164658634538,0.0020143119679407267,1.1255569493586581,6.779116465863454,0.10642570281124498,0.013741121165930181,-0.17456921176509077,0.16999295878945112,0.5011904761904762,0.612289025193641
L-sma200-rsi2<5-time5,L,sma200,2,5,time5,OOS,1325,0.5675471698113208,0.007799846341076762,1.5830634357295414,7.060377358490566,0.052830188679245285,0.23644015495983695,-0.10412155701269776,1.6013446536621745,0.5193979933110368,0.6431116975576527
L-sma200-rsi2<10-sma5,L,sma200,2,10,sma5,IS,1859,0.64228079612695,0.0016466209162767564,1.123102510260196,4.955890263582571,0.1258741258741259,0.027004987805854475,-0.240896164506466,0.24438458551694833,0.5720899470899471,0.6702937636656453
L-sma200-rsi2<10-sma5,L,sma200,2,10,sma5,OOS,2637,0.658323852863102,0.006275416136672726,1.5899618751142983,5.199848312476298,0.07773985589685248,0.2648255929063419,-0.19790366478839894,1.3953750253389177,0.6360089186176142,0.6236012666236199
L-sma200-rsi2<10-rsi,L,sma200,2,10,rsi,IS,1802,0.6514983351831298,0.002936127177007391,1.1938959444640322,6.283573806881243,0.15704772475027748,0.04661216896791176,-0.22642905069454344,0.35151563265704555,0.5588624338624338,0.669911458364023
L-sma200-rsi2<10-rsi,L,sma200,2,10,rsi,OOS,2551,0.679733437867503,0.006788354090164632,1.5373035665456924,6.53234025872207,0.10544884359074873,0.26977568876290303,-0.2504656567438337,1.4362359262858124,0.6975473801560758,0.668126912219945
L-sma200-rsi2<10-chan,L,sma200,2,10,chan,IS,1660,0.5704819277108434,0.0005639622763935217,1.0256024917321238,9.980120481927711,0.21325301204819277,0.05559755700747626,-0.24756404698536416,0.3812998861396808,0.6980158730158731,0.7435394050618197
L-sma200-rsi2<10-chan,L,sma200,2,10,chan,OOS,2374,0.6107834877843302,0.009567077736164343,1.5546420657355813,10.255265374894693,0.14658803706823925,0.2241436645923549,-0.2739244247012481,1.2470447249924406,0.8318840579710145,0.7021311036510245
L-sma200-rsi2<10-sma5+choch,L,sma200,2,10,sma5+choch,IS,1956,0.6099182004089979,0.0013022770447261897,1.10753048311902,4.205521472392638,0.09662576687116564,0.026922178742031955,-0.17949745166340314,0.25846380163061494,0.5518518518518519,0.6174368245412567
L-sma200-rsi2<10-sma5+choch,L,sma200,2,10,sma5+choch,OOS,2809,0.6222855108579566,0.0051535795817577446,1.535110182525225,4.325382698469206,0.060519757920968316,0.2567602265901592,-0.1397377930519056,1.4511890857580678,0.6149386845039018,0.6273998172353561
L-sma200-rsi2<10-time5,L,sma200,2,10,time5,IS,1873,0.5200213561131874,0.0011320832006618791,1.0704184226244466,6.845168179391351,0.09450080085424453,-0.03138452200148889,-0.25587596341586905,-0.07796544076824172,0.6695767195767195,0.7316924589835103
L-sma200-rsi2<10-time5,L,sma200,2,10,time5,OOS,2648,0.5694864048338368,0.007745499158922599,1.5615197130085774,7.055513595166163,0.060045317220543806,0.19808128782685785,-0.2894979920838858,1.106540247699153,0.7573021181716834,0.6865946058466639
L-sma200-rsi2<15-sma5,L,sma200,2,15,sma5,IS,2649,0.6508116270290676,0.0024851718355574275,1.1965348170202539,4.952812382030955,0.1143827859569649,0.041551081923010935,-0.23188958729327502,0.31799439021186904,0.6104497354497355,0.6490928367962675
L-sma200-rsi2<15-sma5,L,sma200,2,15,sma5,OOS,3700,0.6483783783783784,0.005146416076156802,1.470622816470177,5.174594594594595,0.07594594594594595,0.1769490117862853,-0.1812790020571584,0.9882134152136713,0.7613154960981048,0.6270099938750957
L-sma200-rsi2<15-rsi,L,sma200,2,15,rsi,IS,2526,0.6642913697545526,0.003714610127268882,1.2589249365872455,6.258115597783056,0.14647664291369755,0.07555267140589028,-0.23494792141114573,0.4836050025339651,0.6682539682539682,0.6936521239696019
L-sma200-rsi2<15-rsi,L,sma200,2,15,rsi,OOS,3522,0.6672345258375922,0.0057970197298302375,1.4454315689138122,6.440090857467348,0.10533787620670074,0.20861358556508702,-0.2208957998767851,1.1378046762396148,0.7920847268673356,0.6614368402729148
L-sma200-rsi2<15-chan,L,sma200,2,15,chan,IS,2231,0.5741819811743613,0.0018728104139258716,1.0891960801661547,10.14074406095921,0.1994621246077992,0.052372432416228465,-0.30623044752101525,0.36085525537120994,0.7683862433862435,0.7472633434668208
L-sma200-rsi2<15-chan,L,sma200,2,15,chan,OOS,3162,0.6068943706514864,0.008743030020408485,1.4891544502356733,10.243516761543328,0.14927261227071473,0.22198640227221178,-0.222556030287819,1.2437447215870387,0.8917502787068006,0.7061763628360362
L-sma200-rsi2<15-sma5+choch,L,sma200,2,15,sma5+choch,IS,2824,0.6239376770538244,0.0022874570174032283,1.2040294610076132,4.164305949008498,0.08640226628895184,0.040153474775446174,-0.22412567712728826,0.326514377013468,0.58994708994709,0.5946925475136122
L-sma200-rsi2<15-sma5+choch,L,sma200,2,15,sma5+choch,OOS,4004,0.6171328671328671,0.004472754690227397,1.456147157348242,4.235014985014985,0.056943056943056944,0.2487452892774049,-0.13716701937418763,1.4109669138875602,0.758416945373467,0.6311943172254252
L-sma200-rsi2<15-time5,L,sma200,2,15,time5,IS,2631,0.5267958950969214,0.0023125861127675086,1.1487565237784207,6.894716837704295,0.08665906499429875,0.038262775674634986,-0.2628624137372296,0.2928884157653392,0.7260582010582011,0.7392547258117365
L-sma200-rsi2<15-time5,L,sma200,2,15,time5,OOS,3675,0.5624489795918367,0.007595708342931946,1.5341893355167073,7.05795918367347,0.060408163265306125,0.24138416818271047,-0.2626512421754229,1.3115977022129612,0.8494983277591973,0.7033791858596761
L-sma200-rsi3<5-sma5,L,sma200,3,5,sma5,IS,206,0.6699029126213593,0.00555672155585992,1.3774392438324157,4.830097087378641,0.1650485436893204,0.03743369822754339,-0.08632943295825435,0.5799564097305507,0.08955026455026456,0.3042981933363351
L-sma200-rsi3<5-sma5,L,sma200,3,5,sma5,OOS,254,0.7047244094488189,0.006881469168237108,1.661847346167162,5.291338582677166,0.07086614173228346,0.04844203836900074,-0.06801685506484956,0.9606107541672743,0.10089186176142698,0.44855355891468296
L-sma200-rsi3<5-rsi,L,sma200,3,5,rsi,IS,205,0.5902439024390244,0.00668195666185522,1.2918579050725107,8.585365853658537,0.24390243902439024,0.027962307373279982,-0.10932708623072174,0.3398614295178087,0.15185185185185182,0.45975331235218575
L-sma200-rsi3<5-rsi,L,sma200,3,5,rsi,OOS,252,0.6626984126984127,0.010186086350118136,1.6299503540086309,9.61111111111111,0.13095238095238096,0.07253579665677878,-0.10764037523152337,1.059407408050959,0.17725752508361203,0.4853691983944658
L-sma200-rsi3<5-chan,L,sma200,3,5,chan,IS,205,0.5902439024390244,0.0036952319099111484,1.1631977955422694,7.970731707317073,0.23414634146341465,0.011966947067553857,-0.10764645202490142,0.1737880475919246,0.13994708994708996,0.4663041115063716
L-sma200-rsi3<5-chan,L,sma200,3,5,chan,OOS,252,0.6785714285714286,0.010283163455293454,1.680099124133204,8.484126984126984,0.12698412698412698,0.07081360479952714,-0.10333080586429622,1.1210906019205695,0.16042363433667783,0.49751607329158476
L-sma200-rsi3<5-sma5+choch,L,sma200,3,5,sma5+choch,IS,210,0.6523809523809524,0.004726175215352425,1.3466912031477958,4.147619047619048,0.13333333333333333,0.027566595077050282,-0.08660276485444363,0.4633265581588227,0.07976190476190476,0.29595590537374405
L-sma200-rsi3<5-sma5+choch,L,sma200,3,5,sma5+choch,OOS,258,0.6976744186046512,0.007441010697403719,1.9160890543686697,4.391472868217054,0.03875968992248062,0.05339906623367785,-0.03444935726895826,1.1972626598725855,0.08561872909698998,0.4276689638198145
L-sma200-rsi3<5-time5,L,sma200,3,5,time5,IS,207,0.5700483091787439,0.009333774450468832,1.5751740954325213,6.492753623188406,0.14492753623188406,0.047022929401561386,-0.08632943295825402,0.5990713050229962,0.11785714285714285,0.38653661237373066
L-sma200-rsi3<5-time5,L,sma200,3,5,time5,OOS,254,0.6141732283464567,0.0111343185009941,1.9508722376538183,7.149606299212598,0.03937007874015748,0.08037975150941645,-0.051538366242648515,1.4163761168071585,0.13701226309921963,0.4547702708903505
L-sma200-rsi3<10-sma5,L,sma200,3,10,sma5,IS,639,0.6291079812206573,0.0031111646801072197,1.2224738679695857,4.77621283255086,0.14397496087636932,0.052853989634409126,-0.11365719438892052,0.5706089593008008,0.219973544973545,0.39549651955502696
L-sma200-rsi3<10-sma5,L,sma200,3,10,sma5,OOS,859,0.6356228172293364,0.006631971045572419,1.600451468792363,5.386495925494762,0.0779976717112922,0.13553258873184726,-0.09988579848083623,1.190718099628858,0.2959866220735786,0.5283167835370669
L-sma200-rsi3<10-rsi,L,sma200,3,10,rsi,IS,620,0.5951612903225807,0.002792028544830369,1.1321814288597587,8.825806451612904,0.22096774193548388,0.03210686335742663,-0.13748019514841314,0.30229814267350086,0.3543650793650794,0.5208600948205699
L-sma200-rsi3<10-rsi,L,sma200,3,10,rsi,OOS,824,0.6395631067961165,0.008164678418163113,1.4837960523850096,9.575242718446601,0.1395631067961165,0.12149043053020381,-0.12822900526441472,0.9710446261766494,0.4538461538461538,0.6103409883239687
L-sma200-rsi3<10-chan,L,sma200,3,10,chan,IS,621,0.5845410628019324,0.0023559406885391753,1.1141087576145032,8.666666666666666,0.21739130434782608,0.02811367741639903,-0.1423133406347119,0.27429967409421413,0.353042328042328,0.5181991909712514
L-sma200-rsi3<10-chan,L,sma200,3,10,chan,OOS,827,0.6239419588875453,0.00824716738792978,1.4949426122812741,9.513905683192261,0.1414752116082225,0.12564669778528859,-0.14364670887751851,1.0135640494263813,0.4576365663322185,0.61398308695221
L-sma200-rsi3<10-sma5+choch,L,sma200,3,10,sma5+choch,IS,664,0.6144578313253012,0.00236688499456813,1.1817343017940365,4.096385542168675,0.1144578313253012,0.052285140418981246,-0.09292654505389952,0.6014764679438682,0.20582010582010585,0.36296806110655083
L-sma200-rsi3<10-sma5+choch,L,sma200,3,10,sma5+choch,OOS,906,0.6147902869757175,0.005599151006470488,1.5640716273296122,4.454746136865342,0.059602649006622516,0.13082698632438383,-0.0689265965596716,1.197557238397481,0.26767001114827205,0.5060381853578183
L-sma200-rsi3<10-time5,L,sma200,3,10,time5,IS,649,0.5269645608628659,0.0026657393948412676,1.1513537627338601,6.657935285053929,0.1325115562403698,0.05330522315618591,-0.1197927261445626,0.4954217884539348,0.2965608465608466,0.4458333270909158
L-sma200-rsi3<10-time5,L,sma200,3,10,time5,OOS,863,0.5596755504055619,0.006818632669748295,1.5072230496788848,7.07531865585168,0.05793742757821553,0.11751689076209959,-0.08463285813881838,1.0448824826551153,0.3788182831661093,0.5760127238779972
L-sma200-rsi3<15-sma5,L,sma200,3,15,sma5,IS,1192,0.6417785234899329,0.0024828275606827146,1.1871352063168386,4.932046979865772,0.1325503355704698,0.024479161744336952,-0.16497381783761922,0.2603994944831832,0.36904761904761907,0.5235269202520556
L-sma200-rsi3<15-sma5,L,sma200,3,15,sma5,OOS,1622,0.6448828606658447,0.0066008616137176795,1.60000119943991,5.350184956843403,0.07583230579531443,0.22634245091097815,-0.14654375484069693,1.4109956181285241,0.46856187290969903,0.5783094327583207
L-sma200-rsi3<15-rsi,L,sma200,3,15,rsi,IS,1121,0.6057091882247992,0.002049827641681257,1.0975394992255172,9.012488849241748,0.2167707404103479,0.008240701001997142,-0.2293010033940709,0.13187810594459934,0.5358465608465609,0.647343048898064
L-sma200-rsi3<15-rsi,L,sma200,3,15,rsi,OOS,1524,0.6502624671916011,0.008859998732792796,1.5262224710908214,9.311679790026247,0.13976377952755906,0.22046283357436391,-0.18008455602202333,1.3213750958544481,0.6540691192865107,0.6729901286339681
L-sma200-rsi3<15-chan,L,sma200,3,15,chan,IS,1125,0.5884444444444444,0.0012894996717554947,1.0611182073102912,9.330666666666668,0.22044444444444444,-0.00979237412926337,-0.236963800845168,0.017619379531455006,0.5522486772486772,0.6399226007918201
L-sma200-rsi3<15-chan,L,sma200,3,15,chan,OOS,1515,0.6211221122112212,0.00950567000057464,1.561161304466395,9.932673267326733,0.1438943894389439,0.28232916310952283,-0.18515065418064247,1.6691920361258472,0.6774804905239689,0.6716960931070863
L-sma200-rsi3<15-sma5+choch,L,sma200,3,15,sma5+choch,IS,1260,0.6142857142857143,0.001773575249292873,1.1469303859145314,4.13968253968254,0.1007936507936508,0.03038082063535441,-0.14703996148367904,0.32471709078508015,0.3457671957671957,0.43386674139971493
L-sma200-rsi3<15-sma5+choch,L,sma200,3,15,sma5+choch,OOS,1756,0.6093394077448747,0.005397613310323752,1.5541663846900906,4.353075170842825,0.056378132118451024,0.20381570471538812,-0.1236237224218456,1.409325946767708,0.4397993311036789,0.5850873538966952
L-sma200-rsi3<15-time5,L,sma200,3,15,time5,IS,1220,0.5368852459016393,0.002109692143686589,1.1272750594460181,6.811475409836065,0.10655737704918032,0.011179705852357058,-0.1999196437517533,0.1490141097464446,0.47314814814814815,0.5611149663924726
L-sma200-rsi3<15-time5,L,sma200,3,15,time5,OOS,1643,0.5623858794887401,0.007637967297448757,1.5504797857851649,7.04138770541692,0.05782105903834449,0.27689082028470624,-0.1535715535937935,1.6928168122518585,0.5875139353400223,0.6519718161316569
L-mcslope-rsi2<5-sma5,L,mcslope,2,5,sma5,IS,953,0.6306400839454355,-6.51623281459921e-05,0.9954759256436646,5.1007345225603355,0.1416579223504722,0.016012941102026668,-0.17364908040594673,0.20103680643333788,0.3363756613756614,0.4481984924683206
L-mcslope-rsi2<5-sma5,L,mcslope,2,5,sma5,OOS,1164,0.6434707903780069,0.005452463732015324,1.5121082350475723,5.426975945017182,0.06872852233676977,0.14185528813854353,-0.11609985356632746,1.1812762121077687,0.3845039018952062,0.5632074977895178
L-mcslope-rsi2<5-rsi,L,mcslope,2,5,rsi,IS,941,0.6301806588735388,-0.0002655259591673761,0.9843987692910765,6.531349628055261,0.17534537725823593,-0.005582700750685454,-0.20834188168092305,0.01376912944335322,0.4003968253968255,0.4954845497881284
L-mcslope-rsi2<5-rsi,L,mcslope,2,5,rsi,OOS,1151,0.6663770634231103,0.00506510398218019,1.3879591652059673,6.919200695047785,0.09643788010425716,0.1354132436491624,-0.15136763497783035,1.0604501521147487,0.46120401337792644,0.604355677961864
L-mcslope-rsi2<5-chan,L,mcslope,2,5,chan,IS,927,0.5264293419633226,-0.0024762570069208436,0.8950435371508495,10.359223300970873,0.22869471413160733,-0.03750725477280281,-0.25938009788316996,-0.19569662254130488,0.5392857142857143,0.5834600274540496
L-mcslope-rsi2<5-chan,L,mcslope,2,5,chan,OOS,1126,0.6127886323268206,0.008737507769568076,1.4958752203168126,10.712255772646536,0.13854351687388988,0.19016803189248588,-0.19646244914903455,1.3017561554687693,0.6270903010033445,0.6492564194471593
L-mcslope-rsi2<5-sma5+choch,L,mcslope,2,5,sma5+choch,IS,958,0.6283924843423799,0.00025728462384548296,1.0187325932010314,4.779749478079332,0.1304801670146138,0.01934228281902528,-0.18025457817760537,0.2347842326350987,0.32460317460317467,0.4156240749011406
L-mcslope-rsi2<5-sma5+choch,L,mcslope,2,5,sma5+choch,OOS,1178,0.6307300509337861,0.005135852609243834,1.502660661545701,4.970288624787776,0.06027164685908319,0.13594292579929435,-0.0988255870925232,1.1847664824265924,0.36644370122631,0.5393926448745959
L-mcslope-rsi2<5-time5,L,mcslope,2,5,time5,IS,962,0.5041580041580042,-0.0015809843099936062,0.9109698738144085,6.8056133056133055,0.10706860706860707,-0.019345171682780715,-0.224618088767226,-0.09807220981429848,0.415079365079365,0.5080034667959538
L-mcslope-rsi2<5-time5,L,mcslope,2,5,time5,OOS,1164,0.5609965635738832,0.007090701980200327,1.5350338295497141,7.054123711340206,0.04896907216494845,0.17089988678046364,-0.15726903016685034,1.3025717013138631,0.4816053511705686,0.609856636278995
L-mcslope-rsi2<10-sma5,L,mcslope,2,10,sma5,IS,1921,0.6366475793857366,0.0010061869543215658,1.07303005303135,5.084851639770952,0.12857886517438835,0.01448447676028386,-0.2179518424335758,0.17169938817468502,0.5880952380952381,0.6397975244760606
L-mcslope-rsi2<10-sma5,L,mcslope,2,10,sma5,OOS,2460,0.65,0.005396938161931196,1.5056766957315904,5.3516260162601625,0.07886178861788617,0.181432543391562,-0.18268436605934701,1.1342926311010106,0.6342251950947604,0.6216634397441841
L-mcslope-rsi2<10-rsi,L,mcslope,2,10,rsi,IS,1876,0.6369936034115139,0.0008344031254190466,1.0508099454119801,6.458422174840085,0.16044776119402984,-0.011784531203508863,-0.2447536796184301,0.004690997289003634,0.6408730158730159,0.684532105232239
L-mcslope-rsi2<10-rsi,L,mcslope,2,10,rsi,OOS,2400,0.665,0.0052833247085339,1.4032654976066814,6.73625,0.10625,0.13257854716975603,-0.2588044374373085,0.8347022678236222,0.7028985507246377,0.6481073656911323
L-mcslope-rsi2<10-chan,L,mcslope,2,10,chan,IS,1729,0.5222672064777328,-0.0028238878085434433,0.8858926924427343,10.6951995373048,0.21920185078079815,0.07355789265391688,-0.20472554278693766,0.5014377227620297,0.7572751322751323,0.7148423885225144
L-mcslope-rsi2<10-chan,L,mcslope,2,10,chan,OOS,2238,0.5996425379803396,0.009208829166524147,1.5096675364267735,10.928954423592494,0.1456657730116175,0.1755935795009591,-0.2218384099972983,1.0475013990080304,0.840691192865106,0.6988746815360186
L-mcslope-rsi2<10-sma5+choch,L,mcslope,2,10,sma5+choch,IS,1949,0.6177526936890713,0.0008339634389691871,1.063666983297498,4.655720882503848,0.11185223191380195,0.00981701421603387,-0.24080728257316797,0.13968599915682334,0.5715608465608466,0.6096269314363019
L-mcslope-rsi2<10-sma5+choch,L,mcslope,2,10,sma5+choch,OOS,2510,0.6278884462151394,0.0048696758404297,1.4825659247873615,4.834661354581673,0.06812749003984064,0.18847669915247267,-0.14044856882310497,1.2209694472404162,0.6133779264214047,0.6092995054594977
L-mcslope-rsi2<10-time5,L,mcslope,2,10,time5,IS,1918,0.5187695516162669,0.0003332838764107339,1.0203168013109136,6.864963503649635,0.09019812304483837,-0.008313052517923913,-0.2679730699705515,0.03396687503306343,0.6820105820105818,0.7085884341670184
L-mcslope-rsi2<10-time5,L,mcslope,2,10,time5,OOS,2445,0.5586912065439673,0.007719064563219996,1.5816510224289055,7.044171779141104,0.05644171779141104,0.20032915053260858,-0.2403395571274869,1.186711950472195,0.7477146042363434,0.6640996314917502
L-mcslope-rsi2<15-sma5,L,mcslope,2,15,sma5,IS,2744,0.6475947521865889,0.002169843260219089,1.16781667764531,5.019679300291545,0.11479591836734694,-0.0050180420692105265,-0.29742762099481257,0.055521178184082316,0.6231481481481482,0.6261315255672837
L-mcslope-rsi2<15-sma5,L,mcslope,2,15,sma5,OOS,3502,0.6504854368932039,0.0050628878291271405,1.4681952975892225,5.250142775556824,0.07652769845802398,0.17967067313340457,-0.2040169331346947,1.1015748191185766,0.801783723522854,0.6266667279058096
L-mcslope-rsi2<15-rsi,L,mcslope,2,15,rsi,IS,2637,0.6541524459613197,0.002395940028130029,1.1557718915300157,6.346605991657186,0.14979142965491088,0.009634409965487478,-0.27691713595681,0.14385504741957056,0.6809523809523809,0.670589834127717
L-mcslope-rsi2<15-rsi,L,mcslope,2,15,rsi,OOS,3370,0.6623145400593472,0.0051740302996331694,1.3950018809272589,6.553115727002967,0.10504451038575667,0.14938603135436157,-0.26552818735234596,0.8647973827831968,0.789520624303233,0.6524702204521888
L-mcslope-rsi2<15-chan,L,mcslope,2,15,chan,IS,2309,0.5357297531398874,-0.0008136624639240645,0.9651655278975287,10.831961888263317,0.20831528800346472,0.008268833949659937,-0.3457451748007192,0.14223451715467875,0.8144179894179894,0.7900525782547577
L-mcslope-rsi2<15-chan,L,mcslope,2,15,chan,OOS,3001,0.6004665111629457,0.008612166434227277,1.4626761477867805,10.8757080973009,0.15128290569810063,0.12722630418709224,-0.24931093428916207,0.7903091619516296,0.8973244147157191,0.7065186449636983
L-mcslope-rsi2<15-sma5+choch,L,mcslope,2,15,sma5+choch,IS,2806,0.632216678545973,0.0021573007784495128,1.1796129178695616,4.555951532430506,0.09764789736279401,-0.003288421907721606,-0.2824390948448121,0.06338732037686506,0.6107142857142857,0.6009454236474976
L-mcslope-rsi2<15-sma5+choch,L,mcslope,2,15,sma5+choch,OOS,3603,0.6291978906466833,0.004536934880445016,1.4480574564988213,4.689425478767694,0.06439078545656397,0.20899655702073394,-0.1615310497465262,1.254908865661178,0.7657748049052396,0.6312229104394536
L-mcslope-rsi2<15-time5,L,mcslope,2,15,time5,IS,2712,0.5291297935103245,0.002339075341118205,1.1490385001812762,6.904867256637168,0.08296460176991151,0.043383990493688795,-0.23528003620744142,0.3228645112749666,0.7305555555555556,0.7028718644684517
L-mcslope-rsi2<15-time5,L,mcslope,2,15,time5,OOS,3433,0.5601514710166036,0.007760622867623946,1.5645246151225254,7.058549373725604,0.056219050393242063,0.22251945895472836,-0.2261514673353785,1.305805898270715,0.8568561872909699,0.6743033795807811
L-mcslope-rsi3<5-sma5,L,mcslope,3,5,sma5,IS,129,0.6124031007751938,-0.0030046564910061603,0.857063332324484,4.852713178294573,0.23255813953488372,-0.01144519737009353,-0.09506307731172425,-0.1807647989876138,0.05899470899470899,0.2546763101612206
L-mcslope-rsi3<5-sma5,L,mcslope,3,5,sma5,OOS,145,0.7379310344827587,0.010465708600910124,2.2214377243181658,5.441379310344828,0.05517241379310345,0.042847282028110945,-0.03551555478116586,1.0164313578018,0.06042363433667782,0.46380700897674365
L-mcslope-rsi3<5-rsi,L,mcslope,3,5,rsi,IS,129,0.49612403100775193,-0.007672401966959624,0.7483875233843037,8.589147286821705,0.32558139534883723,-0.03398289383881892,-0.1247220966821736,-0.4410953916312482,0.10052910052910052,0.37830169605173264
L-mcslope-rsi3<5-rsi,L,mcslope,3,5,rsi,OOS,145,0.7034482758620689,0.014705035068613962,2.135474965913945,9.606896551724137,0.10344827586206896,0.060352340798975446,-0.056307281488422345,1.1390944225179613,0.1069119286510591,0.49416942351344045
L-mcslope-rsi3<5-chan,L,mcslope,3,5,chan,IS,129,0.5193798449612403,-0.007997128390800995,0.7370942177233845,8.356589147286822,0.32558139534883723,-0.03756975478322844,-0.1163329896818891,-0.47778207941216594,0.0982804232804233,0.4039729492294612
L-mcslope-rsi3<5-chan,L,mcslope,3,5,chan,OOS,145,0.6896551724137931,0.014046148313144104,2.059552682835353,9.46896551724138,0.11724137931034483,0.05758488739091083,-0.06628632145047919,1.114051151529759,0.10657748049052396,0.4986258744442448
L-mcslope-rsi3<5-sma5+choch,L,mcslope,3,5,sma5+choch,IS,129,0.6201550387596899,-0.0024051213555848134,0.8816489973845085,4.596899224806202,0.21705426356589147,-0.010790272809684587,-0.09506307731172425,-0.17339502157576014,0.055952380952380955,0.2473585653160998
L-mcslope-rsi3<5-sma5+choch,L,mcslope,3,5,sma5+choch,OOS,147,0.7210884353741497,0.010940142708819935,2.56716101696028,4.8979591836734695,0.034013605442176874,0.04555664909028079,-0.032536905720795595,1.1240628628661773,0.05496098104793757,0.4460758294111186
L-mcslope-rsi3<5-time5,L,mcslope,3,5,time5,IS,129,0.5038759689922481,-0.002823954496706607,0.873101626480698,6.271317829457364,0.20930232558139536,-0.010574081955949666,-0.10013672860965661,-0.12932733154308945,0.07447089947089947,0.3155145910241985
L-mcslope-rsi3<5-time5,L,mcslope,3,5,time5,OOS,146,0.6301369863013698,0.01101522197983389,2.0067323334291687,7.089041095890411,0.03424657534246575,0.04536955483620675,-0.03276388580300016,0.9593558490382965,0.08037904124860648,0.4569992965790896
L-mcslope-rsi3<10-sma5,L,mcslope,3,10,sma5,IS,537,0.5828677839851024,-0.0028011472459545357,0.83480227347885,5.067039106145251,0.17318435754189945,0.0002836986949068532,-0.1712834247396562,0.04938119011737227,0.21375661375661378,0.40547686279396
L-mcslope-rsi3<10-sma5,L,mcslope,3,10,sma5,OOS,672,0.6324404761904762,0.004846477499241083,1.4444432131840665,5.6101190476190474,0.06994047619047619,0.07444332943427345,-0.08238026873092341,0.82954769618966,0.26198439241917504,0.514084968360629
L-mcslope-rsi3<10-rsi,L,mcslope,3,10,rsi,IS,527,0.5502846299810247,-0.002429155092759662,0.8962676495230328,9.047438330170777,0.23719165085388993,-0.0323894995948012,-0.19222134962733195,-0.1990116268572403,0.3370370370370371,0.5209529610313367
L-mcslope-rsi3<10-rsi,L,mcslope,3,10,rsi,OOS,664,0.6340361445783133,0.008150236596170259,1.512252878004505,9.829819277108435,0.11596385542168675,0.12425389160178568,-0.13101892662836434,1.0556211060882952,0.41828316610925304,0.5925907192277629
L-mcslope-rsi3<10-chan,L,mcslope,3,10,chan,IS,526,0.5361216730038023,-0.0018981451249659139,0.919262446430955,9.393536121673003,0.2376425855513308,-0.03216003343451457,-0.19721200085327684,-0.18846678018400817,0.351058201058201,0.5076742357244609
L-mcslope-rsi3<10-chan,L,mcslope,3,10,chan,OOS,663,0.6093514328808446,0.00839801589545766,1.5017527686762322,10.327300150829563,0.1282051282051282,0.1270805775095516,-0.16132865709091682,1.050174428370007,0.4400222965440357,0.6043135737707741
L-mcslope-rsi3<10-sma5+choch,L,mcslope,3,10,sma5+choch,IS,539,0.588126159554731,-0.002154745177051892,0.864408550924402,4.705009276437848,0.15955473098330242,0.0069335486799186885,-0.16851458902255723,0.12235372484740416,0.20449735449735448,0.3667752720077564
L-mcslope-rsi3<10-sma5+choch,L,mcslope,3,10,sma5+choch,OOS,676,0.6242603550295858,0.0045503340880312226,1.4356646146785355,5.1079881656804735,0.060650887573964495,0.06579864676414249,-0.08717413573550259,0.7769072078811086,0.24492753623188404,0.4979631833690397
L-mcslope-rsi3<10-time5,L,mcslope,3,10,time5,IS,539,0.4675324675324675,-0.004515385993698748,0.7828479028946712,6.617810760667903,0.15213358070500926,-0.01965891211027382,-0.18335010295368315,-0.12249877228782632,0.2683862433862434,0.4447686912788238
L-mcslope-rsi3<10-time5,L,mcslope,3,10,time5,OOS,673,0.5601783060921248,0.005667848353956857,1.4309385902335596,7.063893016344725,0.04903417533432392,0.08623006316697457,-0.11970404198703244,0.8714609507786686,0.3259754738015607,0.5310229726676191
L-mcslope-rsi3<15-sma5,L,mcslope,3,15,sma5,IS,1131,0.6251105216622458,0.00016219096843615765,1.0113198122211702,5.157382847038019,0.14235190097259062,0.008320740640922475,-0.2190730656608494,0.12942732510154645,0.37142857142857144,0.47450288086791537
L-mcslope-rsi3<15-sma5,L,mcslope,3,15,sma5,OOS,1426,0.6409537166900421,0.005750587161614681,1.5393078943913105,5.510518934081347,0.07152875175315568,0.16449051802668824,-0.13699978215554798,1.243251125996694,0.4536231884057971,0.581390566321317
L-mcslope-rsi3<15-rsi,L,mcslope,3,15,rsi,IS,1091,0.5600366636113657,-0.0022452753969604148,0.9012628630718438,9.31897341888176,0.2153987167736022,-0.09092741447710584,-0.2873865557682307,-0.5521824895158028,0.5415343915343915,0.6279852795706622
L-mcslope-rsi3<15-rsi,L,mcslope,3,15,rsi,OOS,1379,0.6482958665699783,0.008627925276434183,1.5333685638853098,9.536620739666425,0.12835387962291517,0.2371841080542303,-0.2146817240339315,1.4941682883462806,0.6411371237458193,0.6565117293110109
L-mcslope-rsi3<15-chan,L,mcslope,3,15,chan,IS,1085,0.5317972350230414,-0.0027148480657734468,0.8838368032775988,10.192626728110598,0.22304147465437787,-0.05386855047672667,-0.2828449778994152,-0.292053474873234,0.5698412698412698,0.6091463960284905
L-mcslope-rsi3<15-chan,L,mcslope,3,15,chan,OOS,1360,0.611764705882353,0.009352186018103285,1.5426814110738487,10.666911764705882,0.1375,0.25076605800628093,-0.21939860748231077,1.5538741751162286,0.6787068004459308,0.6594211879065067
L-mcslope-rsi3<15-sma5+choch,L,mcslope,3,15,sma5+choch,IS,1141,0.6126205083260298,4.216223244745756e-05,1.003064085075024,4.765118317265556,0.12795793163891322,0.009746683042982873,-0.2240782660604279,0.1423500840049391,0.35423280423280423,0.44146973661483924
L-mcslope-rsi3<15-sma5+choch,L,mcslope,3,15,sma5+choch,OOS,1451,0.6202618883528601,0.005328805981800169,1.5216548283601916,4.991729841488628,0.06202618883528601,0.17398788829085943,-0.1172633070901763,1.3658848088604543,0.4377926421404682,0.5557208955092537
L-mcslope-rsi3<15-time5,L,mcslope,3,15,time5,IS,1139,0.5065847234416154,-0.0009696742253349585,0.9452241610036476,6.8121158911325725,0.10798946444249341,-0.029950473149916834,-0.24043907873664105,-0.15737813921728766,0.4518518518518519,0.5307965044386764
L-mcslope-rsi3<15-time5,L,mcslope,3,15,time5,OOS,1431,0.5618448637316562,0.007686291411980115,1.5961265109712455,7.03424178895877,0.0517120894479385,0.23327261370309316,-0.1863873520057684,1.623121609599297,0.5531772575250836,0.6191446539099006
S-sma200-rsi2<5-sma5,S,sma200,2,5,sma5,IS,662,0.6631419939577039,0.008954437562667252,1.6568471924538062,5.122356495468278,0.08761329305135952,0.06610780056237076,-0.14856809152115247,0.6402457022558523,0.2541005291005291,-0.4439643836720856
S-sma200-rsi2<5-sma5,S,sma200,2,5,sma5,OOS,578,0.5570934256055363,-0.005011033591660058,0.7169768958112821,5.91522491349481,0.11937716262975778,-0.0437471885879861,-0.18027676415428073,-0.6092671402192743,0.26889632107023415,-0.3221287910111068
S-sma200-rsi2<5-rsi,S,sma200,2,5,rsi,IS,647,0.6491499227202473,0.007863758149699078,1.4486280524813393,6.792890262751159,0.12210200927357033,0.060043751158921355,-0.21188398579638612,0.5411033661958043,0.30158730158730157,-0.47594237043404863
S-sma200-rsi2<5-rsi,S,sma200,2,5,rsi,OOS,568,0.5563380281690141,-0.007037310835438183,0.6815772397744997,7.362676056338028,0.17077464788732394,-0.06222848253523661,-0.2335412625674047,-0.7602460089473164,0.31560758082497214,-0.34583511323193483
S-sma200-rsi2<5-chan,S,sma200,2,5,chan,IS,630,0.5682539682539682,0.006325262680882927,1.2747950427446484,10.123809523809523,0.12857142857142856,0.004343995548693247,-0.22440466782975632,0.10052186041645478,0.373015873015873,-0.5386883303517441
S-sma200-rsi2<5-chan,S,sma200,2,5,chan,OOS,551,0.47005444646098005,-0.010706627033667622,0.6228146131599347,10.373865698729583,0.20689655172413793,-0.0922264772162582,-0.3217454872306549,-0.99482590055399,0.40869565217391307,-0.4349390937542809
S-sma200-rsi2<5-sma5+choch,S,sma200,2,5,sma5+choch,IS,697,0.6370157819225251,0.007111265413927167,1.599680699999059,4.319942611190818,0.06169296987087518,0.07772543185902547,-0.12768777488343086,0.751797318766202,0.23584656084656083,-0.4314856527679482
S-sma200-rsi2<5-sma5+choch,S,sma200,2,5,sma5+choch,OOS,608,0.5345394736842105,-0.0041830550662895535,0.7298115691342055,4.9144736842105265,0.08717105263157894,-0.037918989833799266,-0.1599886272152128,-0.5717801819296778,0.24414715719063546,-0.2974969806245777
S-sma200-rsi2<5-time5,S,sma200,2,5,time5,IS,676,0.5458579881656804,0.0091896191189699,1.5573445749175578,6.982248520710059,0.05621301775147929,0.04254230491586597,-0.19590785215147966,0.38343197013762664,0.31653439153439156,-0.48469198222138166
S-sma200-rsi2<5-time5,S,sma200,2,5,time5,OOS,590,0.4661016949152542,-0.00444288757475588,0.77258207106965,7.077966101694916,0.06949152542372881,-0.05855320272619491,-0.23355530085288312,-0.7289379011726982,0.2853957636566332,-0.3313112531578649
S-sma200-rsi2<10-sma5,S,sma200,2,10,sma5,IS,1287,0.6293706293706294,0.004530993551048199,1.298663139255158,5.375291375291376,0.09013209013209013,0.014778299582648202,-0.19768335215791533,0.17286017316017602,0.3552910052910053,-0.4949729804801836
S-sma200-rsi2<10-sma5,S,sma200,2,10,sma5,OOS,1063,0.5634995296331138,-0.005290872584106895,0.7163494851627235,5.860771401693321,0.14205079962370648,-0.13904365288216514,-0.45834089882311946,-1.114958684362214,0.4600891861761427,-0.32836988776875553
S-sma200-rsi2<10-rsi,S,sma200,2,10,rsi,IS,1227,0.6226568867155664,0.0037012095236237464,1.1936425633656365,6.972290138549307,0.11572942135289324,-0.02018712776083953,-0.2883865103020644,-0.04465739389055427,0.4033068783068783,-0.5084956017603907
S-sma200-rsi2<10-rsi,S,sma200,2,10,rsi,OOS,1025,0.5629268292682926,-0.006181706710297101,0.7121721672856753,7.1502439024390245,0.16975609756097562,-0.14233837863721055,-0.4642241069756645,-1.096798108251616,0.5118171683389074,-0.3390208826362585
S-sma200-rsi2<10-chan,S,sma200,2,10,chan,IS,1132,0.5353356890459364,-0.0012045683960792122,0.9561297283189063,10.745583038869258,0.14664310954063603,-0.10258974067282944,-0.3629107324455034,-0.5121238437365289,0.5067460317460317,-0.5783502000268772
S-sma200-rsi2<10-chan,S,sma200,2,10,chan,OOS,948,0.47151898734177217,-0.009489048770230163,0.6528856282678278,10.477848101265822,0.20358649789029537,-0.19150247584676905,-0.566805707610106,-1.454922814258638,0.6185061315496098,-0.40334200740224824
S-sma200-rsi2<10-sma5+choch,S,sma200,2,10,sma5+choch,IS,1379,0.5888324873096447,0.002983238707210703,1.217920302037382,4.490210297316897,0.06453952139231327,0.0008499996319657477,-0.22418328379267793,0.07884340532139139,0.33492063492063495,-0.47971036295529806
S-sma200-rsi2<10-sma5+choch,S,sma200,2,10,sma5+choch,OOS,1143,0.5345581802274716,-0.0041010620804275005,0.7392911531106809,4.776902887139108,0.10061242344706911,-0.1163637923700297,-0.40640023026648486,-0.9584413769579507,0.42831661092530665,-0.3123677186671071
S-sma200-rsi2<10-time5,S,sma200,2,10,time5,IS,1303,0.5241749808135073,0.006367464527298937,1.3604713675497044,7.010744435917115,0.05372217958557176,0.04379452484896196,-0.2793781061683549,0.32738781385541954,0.43637566137566136,-0.5434332002549167
S-sma200-rsi2<10-time5,S,sma200,2,10,time5,OOS,1083,0.45060018467220686,-0.006261344609407506,0.7027377046374381,7.013850415512465,0.07663896583564174,-0.15014701897102511,-0.47633020742081555,-1.2836017658191767,0.5071348940914159,-0.3786500171967439
S-sma200-rsi2<15-sma5,S,sma200,2,15,sma5,IS,1794,0.6270903010033445,0.002223223043706508,1.1383940458515103,5.495540691192865,0.09308807134894091,-0.05101062165510817,-0.3211949161298524,-0.23871854550649851,0.44047619047619047,-0.5285370699278957
S-sma200-rsi2<15-sma5,S,sma200,2,15,sma5,OOS,1444,0.5491689750692521,-0.00609298306279265,0.6758724931355848,5.889889196675901,0.13850415512465375,-0.1719281193155271,-0.5142426410996819,-1.3208555677934812,0.535897435897436,-0.3873964711240251
S-sma200-rsi2<15-rsi,S,sma200,2,15,rsi,IS,1687,0.6289270895080024,0.0012354787543585237,1.0610078809854198,6.986366330764671,0.12151748666271488,-0.0788255425483515,-0.3700309980036647,-0.37611566250083395,0.49206349206349204,-0.5429178475235369
S-sma200-rsi2<15-rsi,S,sma200,2,15,rsi,OOS,1364,0.5498533724340176,-0.00705018088883163,0.6721623107116039,7.2162756598240465,0.16715542521994134,-0.16508173591847197,-0.4964090543701395,-1.2210459171385426,0.5845039018952062,-0.41266153756573215
S-sma200-rsi2<15-chan,S,sma200,2,15,chan,IS,1501,0.519653564290473,-0.004194543649692826,0.8559168106187893,10.906062624916721,0.15056628914057296,-0.15342089516027857,-0.4647617256649611,-0.7494125931678521,0.6026455026455027,-0.6103163848437847
S-sma200-rsi2<15-chan,S,sma200,2,15,chan,OOS,1211,0.47481420313790257,-0.010419777512149333,0.6291914825148157,10.728323699421965,0.2014863748967795,-0.2058073629422199,-0.5817255599067096,-1.4601849171383656,0.6924191750278708,-0.4861994006117744
S-sma200-rsi2<15-sma5+choch,S,sma200,2,15,sma5+choch,IS,1955,0.578005115089514,0.0004414103197280491,1.0295968985687567,4.492071611253197,0.0670076726342711,-0.07949439778604239,-0.35752324518217193,-0.42175491721280955,0.4708994708994709,-0.5173418698656276
S-sma200-rsi2<15-sma5+choch,S,sma200,2,15,sma5+choch,OOS,1577,0.5218769816106531,-0.004521855156128052,0.7122005847435362,4.769816106531389,0.09448319594166138,-0.13605360633469765,-0.4313427805720189,-1.0760449718653557,0.4986622073578596,-0.3788202326170791
S-sma200-rsi2<15-time5,S,sma200,2,15,time5,IS,1807,0.5135583840619812,0.0038295543984914727,1.2048173201078074,7.026563364692861,0.05478693967902601,-0.03109649641765111,-0.31988317920446263,-0.06807344555945863,0.5294973544973545,-0.5717346684614433
S-sma200-rsi2<15-time5,S,sma200,2,15,time5,OOS,1463,0.43677375256322626,-0.007487536838931494,0.651476025155499,7.034176349965824,0.08270676691729323,-0.16711235440486527,-0.5146887536544913,-1.211989992068207,0.6173913043478262,-0.480202269126393
S-sma200-rsi3<5-sma5,S,sma200,3,5,sma5,IS,117,0.6666666666666666,0.01383869151108616,1.9605063546409427,5.119658119658119,0.11965811965811966,0.03182514441747286,-0.0764903580525862,0.6074504535083178,0.053042328042328044,-0.21103168284708057
S-sma200-rsi3<5-sma5,S,sma200,3,5,sma5,OOS,124,0.6774193548387096,0.0002905412964400064,1.020823239172987,5.508064516129032,0.10483870967741936,0.0007164304608127114,-0.032770282445785615,0.03904185472409612,0.052285395763656636,-0.13394454552687474
S-sma200-rsi3<5-rsi,S,sma200,3,5,rsi,IS,115,0.6086956521739131,0.00684824652668334,1.2863557897704885,8.556521739130435,0.16521739130434782,0.008740335896022522,-0.09437264398469769,0.15043813594944222,0.08267195767195767,-0.26059327739090726
S-sma200-rsi3<5-rsi,S,sma200,3,5,rsi,OOS,121,0.5537190082644629,-0.006945352658649374,0.7538127343997536,10.132231404958677,0.24793388429752067,-0.024577510045999063,-0.14272354682019095,-0.47397633976820225,0.09353400222965441,-0.21361024716321902
S-sma200-rsi3<5-chan,S,sma200,3,5,chan,IS,115,0.6,0.011975226781398339,1.5743971825402452,7.739130434782608,0.14782608695652175,0.025377097450062225,-0.09058442231164043,0.3964270056814381,0.07592592592592594,-0.25454951950723376
S-sma200-rsi3<5-chan,S,sma200,3,5,chan,OOS,122,0.5737704918032787,-0.0033303347500774983,0.8572343339068602,8.647540983606557,0.1885245901639344,-0.012058000414775782,-0.08740739822938326,-0.2656452883541137,0.08082497212931995,-0.19129060133579048
S-sma200-rsi3<5-sma5+choch,S,sma200,3,5,sma5+choch,IS,121,0.6528925619834711,0.010731401564464449,1.844225152821839,4.2809917355371905,0.08264462809917356,0.03394122435869473,-0.07566152952940042,0.6437047674467213,0.04550264550264551,-0.2054174121200282
S-sma200-rsi3<5-sma5+choch,S,sma200,3,5,sma5+choch,OOS,128,0.6484375,0.0016676744985543823,1.1491974014459791,4.5703125,0.0703125,0.005756614809791172,-0.029351256128513414,0.24127144336180822,0.044704570791527315,-0.11789062608831144
S-sma200-rsi3<5-time5,S,sma200,3,5,time5,IS,119,0.5546218487394958,0.010234276446010467,1.6518795264800537,6.949579831932773,0.07563025210084033,0.03438298489539604,-0.05769326172203404,0.499816010065041,0.07063492063492065,-0.23776099010858107
S-sma200-rsi3<5-time5,S,sma200,3,5,time5,OOS,123,0.5040650406504065,-0.002791768499066915,0.8430961089247416,7.073170731707317,0.08943089430894309,-0.009973115614553385,-0.05400200187853754,-0.2537548628236574,0.06610925306577481,-0.1588355517791335
S-sma200-rsi3<10-sma5,S,sma200,3,10,sma5,IS,408,0.6617647058823529,0.009875821227006804,1.69364303713166,5.127450980392157,0.09803921568627451,0.06465771194305625,-0.12456345074970754,0.7453268716424999,0.1588624338624339,-0.34362905013887346
S-sma200-rsi3<10-sma5,S,sma200,3,10,sma5,OOS,375,0.5946666666666667,-0.006989065883720679,0.6507979500476266,5.762666666666667,0.14666666666666667,-0.06678277759285378,-0.24979150755712587,-1.0050615794495,0.1978818283166109,-0.283741494518021
S-sma200-rsi3<10-rsi,S,sma200,3,10,rsi,IS,387,0.6149870801033591,0.006182260977104544,1.2614202087508375,9.155038759689923,0.165374677002584,0.06648680299299992,-0.17087631954985083,0.6141192408083681,0.24417989417989416,-0.40826860829290484
S-sma200-rsi3<10-rsi,S,sma200,3,10,rsi,OOS,360,0.5083333333333333,-0.013607828333724696,0.5572266846717624,9.9,0.2388888888888889,-0.09742327706264342,-0.3517069227702677,-1.229730460195299,0.28651059085841696,-0.3256585277096223
S-sma200-rsi3<10-chan,S,sma200,3,10,chan,IS,393,0.5903307888040712,0.007031268424219334,1.31959382639797,9.198473282442748,0.15521628498727735,0.05533152206022729,-0.19115657075741044,0.5232998398873225,0.24854497354497354,-0.42851196285839105
S-sma200-rsi3<10-chan,S,sma200,3,10,chan,OOS,357,0.46218487394957986,-0.015179149093522588,0.5193675996090306,9.817927170868348,0.23249299719887956,-0.11993019259559756,-0.39762240994513,-1.510307658092153,0.28182831661092533,-0.34447737057044475
S-sma200-rsi3<10-sma5+choch,S,sma200,3,10,sma5+choch,IS,433,0.6235565819861432,0.007522093723740989,1.6181435827916892,4.117782909930716,0.06697459584295612,0.056888358709720865,-0.10869858219271944,0.70927838790717,0.14021164021164023,-0.32827146193347756
S-sma200-rsi3<10-sma5+choch,S,sma200,3,10,sma5+choch,OOS,400,0.5625,-0.005050821301264543,0.6933018922723825,4.735,0.1075,-0.05290307884399492,-0.20667731288497915,-0.9014325367816202,0.18160535117056856,-0.26154830602582907
S-sma200-rsi3<10-time5,S,sma200,3,10,time5,IS,417,0.5539568345323741,0.010732561429044786,1.6830536882479814,6.983213429256595,0.05995203836930456,0.07832550066581456,-0.1301747677148669,0.7613155764953979,0.20489417989417985,-0.3850065597367141
S-sma200-rsi3<10-time5,S,sma200,3,10,time5,OOS,386,0.4481865284974093,-0.008506457126582918,0.6268048465851047,6.992227979274611,0.09067357512953368,-0.07959025890084492,-0.30868081407379766,-1.0950950883923556,0.2338907469342252,-0.32121816750177185
S-sma200-rsi3<15-sma5,S,sma200,3,15,sma5,IS,802,0.6296758104738155,0.00494498910634838,1.3295576379537617,5.2817955112219455,0.09476309226932668,0.062190688722570275,-0.1664098027066021,0.5868137368618833,0.28399470899470897,-0.46564863718132116
S-sma200-rsi3<15-sma5,S,sma200,3,15,sma5,OOS,681,0.5594713656387665,-0.005992991341139318,0.6854554911346131,5.976505139500734,0.14096916299559473,-0.08683407932706844,-0.28755801680993665,-0.9924979769937323,0.327536231884058,-0.3115904637838131
S-sma200-rsi3<15-rsi,S,sma200,3,15,rsi,IS,752,0.5625,0.0007762214757983812,1.0302998974917634,9.513297872340425,0.15824468085106383,-0.013322928006647916,-0.23018904874358193,-0.020793893470526598,0.39708994708994705,-0.529523602550723
S-sma200-rsi3<15-rsi,S,sma200,3,15,rsi,OOS,643,0.5194401244167963,-0.010017153718116198,0.6366147150506162,9.684292379471229,0.2130637636080871,-0.11983072183345322,-0.3822611428838478,-1.1597522815303714,0.45273132664437016,-0.3999913347395679
S-sma200-rsi3<15-chan,S,sma200,3,15,chan,IS,747,0.5609103078982597,0.001876428513447931,1.0756855857271923,9.981258366800535,0.14725568942436412,-0.024210947322824028,-0.22847737180847216,-0.09344551725824234,0.398015873015873,-0.545857845034078
S-sma200-rsi3<15-chan,S,sma200,3,15,chan,OOS,638,0.4890282131661442,-0.01013194736393153,0.6381787580433542,10.130094043887148,0.21003134796238246,-0.11763518657882843,-0.3760289769927726,-1.1286393055172184,0.4633221850613155,-0.42519743595775567
S-sma200-rsi3<15-sma5+choch,S,sma200,3,15,sma5+choch,IS,871,0.5993111366245695,0.0033247310281507014,1.2567762488023795,4.274397244546498,0.06314580941446613,0.06231963320916423,-0.15685753589001394,0.6000472778704987,0.2654761904761905,-0.4551876158352181
S-sma200-rsi3<15-sma5+choch,S,sma200,3,15,sma5+choch,OOS,748,0.5387700534759359,-0.004120498386096737,0.7340460782999036,4.754010695187166,0.09491978609625669,-0.06577344738444757,-0.22543780450912376,-0.8286480631835831,0.30312151616499444,-0.3027435971154058
S-sma200-rsi3<15-time5,S,sma200,3,15,time5,IS,821,0.5152253349573691,0.0053881687039495025,1.299935104604789,6.97563946406821,0.06090133982947625,0.057485090269810746,-0.19370775380729088,0.4696774865825375,0.34801587301587306,-0.49833290579691153
S-sma200-rsi3<15-time5,S,sma200,3,15,time5,OOS,709,0.46685472496473907,-0.005220768497509067,0.7416967653088412,7.011283497884344,0.07898448519040903,-0.09302122542749347,-0.31494522737435793,-1.0581262712840256,0.3521739130434782,-0.3509006470019104
S-mcslope-rsi2<5-sma5,S,mcslope,2,5,sma5,IS,736,0.626358695652174,0.00528969354852142,1.3832634518513236,5.434782608695652,0.08559782608695653,0.044802914756720824,-0.1670771208109234,0.45773236154683267,0.30304232804232806,-0.4243741904073416
S-mcslope-rsi2<5-sma5,S,mcslope,2,5,sma5,OOS,842,0.5641330166270784,-0.005106326352674081,0.713521012919557,5.894299287410926,0.12114014251781473,-0.04310471041463193,-0.18502954511446035,-0.545691417949587,0.30568561872909705,-0.36091566564775035
S-mcslope-rsi2<5-rsi,S,mcslope,2,5,rsi,IS,730,0.6315068493150685,0.005424964415159099,1.320304291513967,7.178082191780822,0.11232876712328767,0.05621602920881208,-0.15820933517175528,0.5127330047681748,0.3615079365079365,-0.46896924036310256
S-mcslope-rsi2<5-rsi,S,mcslope,2,5,rsi,OOS,832,0.5612980769230769,-0.006645931595114748,0.6889636709841783,7.527644230769231,0.16105769230769232,-0.06287745685542967,-0.21830966581808542,-0.7086221493225077,0.3738015607580825,-0.3944734000614456
S-mcslope-rsi2<5-chan,S,mcslope,2,5,chan,IS,711,0.530239099859353,0.002611092167617434,1.110310629928499,11.147679324894515,0.12939521800281295,0.0034826348022856113,-0.21205773197779887,0.09483235961953335,0.4621693121693121,-0.5301485872366855
S-mcslope-rsi2<5-chan,S,mcslope,2,5,chan,OOS,816,0.4632352941176471,-0.009776732183984555,0.6445304185351208,11.10906862745098,0.20220588235294118,-0.0914077520531158,-0.2945258848252429,-0.8550749450173634,0.512263099219621,-0.5078228163709305
S-mcslope-rsi2<5-sma5+choch,S,mcslope,2,5,sma5+choch,IS,740,0.6148648648648649,0.003940545039460737,1.289999797107598,5.0797297297297295,0.07972972972972973,0.03321957050996582,-0.1644297775734299,0.360941037524129,0.2920634920634921,-0.42468493585001754
S-mcslope-rsi2<5-sma5+choch,S,mcslope,2,5,sma5+choch,OOS,850,0.5517647058823529,-0.004160696821925931,0.7455530115561608,5.470588235294118,0.10705882352941176,-0.04022203650864109,-0.16939719033763323,-0.5275982577666753,0.2905239687848384,-0.34988081320465403
S-mcslope-rsi2<5-time5,S,mcslope,2,5,time5,IS,741,0.5290148448043185,0.006071001392033901,1.3854968368792306,7.013495276653171,0.04588394062078273,0.05636227947775896,-0.1802680198311548,0.5196407963800099,0.353968253968254,-0.4713547815108944
S-mcslope-rsi2<5-time5,S,mcslope,2,5,time5,OOS,848,0.4634433962264151,-0.004631496555741749,0.7470922451948973,7.069575471698113,0.06367924528301887,-0.053197492264589696,-0.19507970981443357,-0.5734254807030986,0.3779264214046823,-0.4659406019768244
S-mcslope-rsi2<10-sma5,S,mcslope,2,10,sma5,IS,1552,0.6082474226804123,0.002807038716600043,1.188157240030583,5.543170103092783,0.0895618556701031,-0.0356951998230437,-0.3129431231511748,-0.1856450868406074,0.44298941798941793,-0.5153076453014465
S-mcslope-rsi2<10-sma5,S,mcslope,2,10,sma5,OOS,1659,0.5714285714285714,-0.0055711811239054455,0.6910432660000698,5.890295358649789,0.13140446051838456,-0.08676142100367412,-0.346784338212619,-0.7079415820947152,0.5792642140468226,-0.40298415779244795
S-mcslope-rsi2<10-rsi,S,mcslope,2,10,rsi,IS,1511,0.6075446724023825,0.0019553702791459573,1.1062503294248727,7.2164129715420255,0.11515552614162806,-0.07686863866154825,-0.33127455208421575,-0.43988194699147115,0.5108465608465609,-0.5368789472758421
S-mcslope-rsi2<10-rsi,S,mcslope,2,10,rsi,OOS,1621,0.5663170882171499,-0.006608039397967632,0.6809201510030723,7.347316471314004,0.15484268969771744,-0.10051238053894307,-0.37562842855505285,-0.7789465791762124,0.6448160535117058,-0.4324671452803119
S-mcslope-rsi2<10-chan,S,mcslope,2,10,chan,IS,1398,0.5,-0.003218604786372458,0.8822698059064126,11.603004291845494,0.15379113018597998,-0.09893212751696301,-0.368851473819244,-0.5063635958070891,0.6325396825396826,-0.6306571369594345
S-mcslope-rsi2<10-chan,S,mcslope,2,10,chan,OOS,1511,0.4612839179351423,-0.010422751886453455,0.6226097871510731,11.277299801455989,0.19589675711449372,-0.15690604292165833,-0.5047204743179379,-1.1466465658041034,0.7690078037904126,-0.5208348191369433
S-mcslope-rsi2<10-sma5+choch,S,mcslope,2,10,sma5+choch,IS,1570,0.5885350318471337,0.0020098947761516307,1.138407925933735,5.1210191082802545,0.0821656050955414,-0.05238256557646348,-0.3396820239571896,-0.3154978205769493,0.42394179894179895,-0.4995229038037109
S-mcslope-rsi2<10-sma5+choch,S,mcslope,2,10,sma5+choch,OOS,1684,0.5516627078384798,-0.004669811283398443,0.7151457731964885,5.393705463182898,0.10926365795724466,-0.06749862453372457,-0.3011571351651616,-0.5325347409643187,0.559866220735786,-0.39260072148604547
S-mcslope-rsi2<10-time5,S,mcslope,2,10,time5,IS,1555,0.5073954983922829,0.0038474105620504464,1.222998701296808,7.02572347266881,0.05144694533762058,-0.035824366140857156,-0.33669188220066104,-0.13627588079762956,0.5246031746031746,-0.5874753536623241
S-mcslope-rsi2<10-time5,S,mcslope,2,10,time5,OOS,1666,0.44837935174069626,-0.007043896522643885,0.6458270402786175,7.03781512605042,0.0666266506602641,-0.10917322825467302,-0.4021581989398998,-0.8259191016186935,0.67123745819398,-0.5046979773190247
S-mcslope-rsi2<15-sma5,S,mcslope,2,15,sma5,IS,2196,0.6056466302367942,0.0011082773257938112,1.070593730888179,5.6775956284153,0.08879781420765027,-0.06467469498699385,-0.3822467114207925,-0.31945524881021803,0.541005291005291,-0.550615831818236
S-mcslope-rsi2<15-sma5,S,mcslope,2,15,sma5,OOS,2291,0.5648188563945875,-0.005351988112245077,0.7017940057794768,5.845482322130074,0.12570929725010913,-0.08882327983605831,-0.3344693385640063,-0.5963725836961372,0.6539576365663321,-0.47776864830961563
S-mcslope-rsi2<15-rsi,S,mcslope,2,15,rsi,IS,2104,0.6074144486692015,-0.00042179887989773234,0.9782772464437055,7.260931558935361,0.11596958174904944,-0.10634507588663922,-0.4162298862592987,-0.5364871222357102,0.6052910052910053,-0.5692923863699568
S-mcslope-rsi2<15-rsi,S,mcslope,2,15,rsi,OOS,2201,0.558836892321672,-0.006708262775220848,0.6785635260571549,7.241253975465697,0.1522035438437074,-0.11759692130671506,-0.39330109291676074,-0.7930849302214834,0.7003344481605351,-0.4993616323306921
S-mcslope-rsi2<15-chan,S,mcslope,2,15,chan,IS,1866,0.4866023579849946,-0.005718265535221872,0.8004434144422972,11.766345123258306,0.1489817792068596,-0.1316564098909455,-0.4525779067745155,-0.6248768020928114,0.7227513227513227,-0.6741055397509427
S-mcslope-rsi2<15-chan,S,mcslope,2,15,chan,OOS,1960,0.46479591836734696,-0.01091086763401372,0.6162517929704904,11.43469387755102,0.18877551020408162,-0.17463264661672728,-0.5171819103331232,-1.2288493172942272,0.8139353400222967,-0.5944217544860666
S-mcslope-rsi2<15-sma5+choch,S,mcslope,2,15,sma5+choch,IS,2239,0.5810629745422063,0.00042450660617923935,1.0280514562232221,5.164359088878964,0.07949977668602054,-0.09083269314595255,-0.43463803255285727,-0.49857660187710184,0.5185185185185185,-0.5475275791200814
S-mcslope-rsi2<15-sma5+choch,S,mcslope,2,15,sma5+choch,OOS,2338,0.5483319076133447,-0.00455568801852327,0.7232721212916464,5.3053892215568865,0.10521813515825491,-0.07766538693834202,-0.29789923075463065,-0.519273752849794,0.6328874024526198,-0.4726616984187347
S-mcslope-rsi2<15-time5,S,mcslope,2,15,time5,IS,2182,0.4922089825847846,0.0023567136202349874,1.1310038225095107,7.0531622364802935,0.051329055912007336,-0.0526493523849918,-0.3834042193831567,-0.18242800494618233,0.6334656084656084,-0.6253341087628935
S-mcslope-rsi2<15-time5,S,mcslope,2,15,time5,OOS,2280,0.44166666666666665,-0.006932204045304853,0.6547530108137593,7.067543859649123,0.06885964912280702,-0.17075666790137944,-0.5162307455121107,-1.15371330231637,0.7393534002229654,-0.5828717961007368
S-mcslope-rsi3<5-sma5,S,mcslope,3,5,sma5,IS,68,0.6323529411764706,0.007630031842762519,1.5792133358429106,5.661764705882353,0.08823529411764706,0.017159023544549568,-0.03731881150652527,0.5414331089758213,0.03518518518518519,-0.1442928694132199
S-mcslope-rsi3<5-sma5,S,mcslope,3,5,sma5,OOS,98,0.673469387755102,-7.925265508130047e-06,0.9995009342974952,5.581632653061225,0.11224489795918367,-0.0004495113300325704,-0.060934590615129736,-0.0025186664410731916,0.04225195094760313,-0.19535668439879136
S-mcslope-rsi3<5-rsi,S,mcslope,3,5,rsi,IS,67,0.5970149253731343,0.0002214201409358763,1.0085690529022187,9.940298507462687,0.11940298507462686,-0.0011315522648557286,-0.06302147880805276,-0.0024674658559827593,0.061111111111111116,-0.23843704734543483
S-mcslope-rsi3<5-rsi,S,mcslope,3,5,rsi,OOS,97,0.5257731958762887,-0.00841497006451122,0.7003026727873679,10.45360824742268,0.2268041237113402,-0.02362567316710107,-0.09574729194496379,-0.5709225223192204,0.07748049052396878,-0.23748768213278507
S-mcslope-rsi3<5-chan,S,mcslope,3,5,chan,IS,67,0.5522388059701493,0.0046232485239407865,1.1934177045746117,9.492537313432836,0.11940298507462686,0.006458010278764803,-0.05272231814314876,0.16534343463993487,0.05793650793650793,-0.23591595129886495
S-mcslope-rsi3<5-chan,S,mcslope,3,5,chan,OOS,98,0.5102040816326531,-0.003424060982122216,0.8717995354889801,9.928571428571429,0.19387755102040816,-0.01087664290690149,-0.09563351735782222,-0.22093552974647568,0.07591973244147159,-0.3261921256653782
S-mcslope-rsi3<5-sma5+choch,S,mcslope,3,5,sma5+choch,IS,68,0.6323529411764706,0.007766204192246053,1.614147853044607,5.338235294117647,0.08823529411764706,0.01748281128731133,-0.037318811506525384,0.5541445169463379,0.03346560846560847,-0.1446922280461602
S-mcslope-rsi3<5-sma5+choch,S,mcslope,3,5,sma5+choch,OOS,99,0.6767676767676768,0.001590319115838141,1.1112536210524453,5.313131313131313,0.09090909090909091,0.004099353058920174,-0.04374295001894668,0.17405109086770354,0.040914158305462654,-0.183043832929815
S-mcslope-rsi3<5-time5,S,mcslope,3,5,time5,IS,68,0.4852941176470588,0.002751912065636333,1.171006686825026,7.014705882352941,0.029411764705882353,0.006011576436342647,-0.04158519143816619,0.1677696007823245,0.04417989417989418,-0.17308909472503992
S-mcslope-rsi3<5-time5,S,mcslope,3,5,time5,OOS,97,0.5360824742268041,-0.0001983046549205709,0.9883279907992302,7.206185567010309,0.05154639175257732,-0.001070688997177549,-0.05754093293597573,-0.018286133197031613,0.053288740245262,-0.20888731916704442
S-mcslope-rsi3<10-sma5,S,mcslope,3,10,sma5,IS,377,0.6604774535809018,0.009981642321572474,1.8909806637172097,5.376657824933687,0.06631299734748011,0.10206812320719627,-0.0607146918120256,1.3513959249136454,0.1638888888888889,-0.34088370660236117
S-mcslope-rsi3<10-sma5,S,mcslope,3,10,sma5,OOS,477,0.5849056603773585,-0.00490742174432106,0.7378581683678783,5.744234800838575,0.13836477987421383,-0.04889609812691842,-0.18524472581952234,-0.8056032602911958,0.18394648829431437,-0.28902273635444886
S-mcslope-rsi3<10-rsi,S,mcslope,3,10,rsi,IS,372,0.6344086021505376,0.008750951148289271,1.4570902034675985,9.709677419354838,0.11021505376344086,0.1144518332009481,-0.12453976159760105,1.0830054075998947,0.2675925925925926,-0.42714472683255605
S-mcslope-rsi3<10-rsi,S,mcslope,3,10,rsi,OOS,467,0.5182012847965739,-0.010114932397062534,0.6353570050426747,10.032119914346895,0.21841541755888652,-0.06804435512151552,-0.23861233243662827,-0.9542110222435956,0.28974358974358977,-0.3513687828682247
S-mcslope-rsi3<10-chan,S,mcslope,3,10,chan,IS,373,0.6112600536193029,0.008957991340753908,1.4726961272518284,10.386058981233244,0.1126005361930295,0.10025239918566764,-0.12453976159760127,0.9349680640995314,0.2830687830687831,-0.4404123046520177
S-mcslope-rsi3<10-chan,S,mcslope,3,10,chan,OOS,466,0.4613733905579399,-0.01132501651655653,0.6132189192102713,10.570815450643776,0.22317596566523606,-0.09668245152646882,-0.31904623826536305,-1.1748774435528526,0.3068004459308807,-0.4542181768881323
S-mcslope-rsi3<10-sma5+choch,S,mcslope,3,10,sma5+choch,IS,379,0.6437994722955145,0.008284624347193499,1.7515313597100866,4.970976253298153,0.0633245382585752,0.09294108343913154,-0.06345913684789195,1.2644652108217267,0.15462962962962964,-0.33646593759009236
S-mcslope-rsi3<10-sma5+choch,S,mcslope,3,10,sma5+choch,OOS,480,0.5770833333333333,-0.003946442784899936,0.7717379009715537,5.38125,0.125,-0.04848447609555129,-0.18398417633777353,-0.8555051639292583,0.17558528428093645,-0.27548023650054354
S-mcslope-rsi3<10-time5,S,mcslope,3,10,time5,IS,378,0.5476190476190477,0.008883026385489491,1.65712510642153,7.060846560846561,0.03439153439153439,0.10587380234723343,-0.08645045535589013,1.2116808691500072,0.2056878306878307,-0.38270519723897867
S-mcslope-rsi3<10-time5,S,mcslope,3,10,time5,OOS,480,0.4708333333333333,-0.00487655630255225,0.7408981605690503,7.022916666666666,0.06875,-0.04472513161700242,-0.1839694087560122,-0.648961171452655,0.22731326644370123,-0.3440039199299816
S-mcslope-rsi3<15-sma5,S,mcslope,3,15,sma5,IS,845,0.5988165680473373,0.0029684424682784975,1.2079445416721781,5.550295857988166,0.08520710059171598,0.04097399662753998,-0.13570805178264,0.4369481443636856,0.3322751322751323,-0.46989458902293935
S-mcslope-rsi3<15-sma5,S,mcslope,3,15,sma5,OOS,972,0.5668724279835391,-0.005837461377844007,0.6888983263567648,5.967078189300412,0.14094650205761317,-0.07542289131383828,-0.2771477802221728,-0.8891965904149081,0.36599777034559644,-0.36369944828140044
S-mcslope-rsi3<15-rsi,S,mcslope,3,15,rsi,IS,817,0.5520195838433293,-0.0003162411200497294,0.9867861359217147,9.97062423500612,0.14443084455324356,-0.024218753903776036,-0.21250805257925398,-0.11850999449368729,0.4653439153439153,-0.5312201705330283
S-mcslope-rsi3<15-rsi,S,mcslope,3,15,rsi,OOS,942,0.5169851380042463,-0.009360429805210225,0.6465369112914949,9.898089171974522,0.20488322717622082,-0.10692723917318692,-0.34300914010457184,-1.0646144251429739,0.5224080267558529,-0.4448339784886346
S-mcslope-rsi3<15-chan,S,mcslope,3,15,chan,IS,811,0.5363748458692972,0.0004949614419964147,1.0204517221410971,11.032059186189889,0.13686806411837238,-0.04136977851793411,-0.24413375419393712,-0.22269737340730397,0.4958994708994709,-0.5537983433584919
S-mcslope-rsi3<15-chan,S,mcslope,3,15,chan,OOS,931,0.4747583243823845,-0.009760398780364216,0.6487806626204768,10.894736842105264,0.20945220193340494,-0.13389845323808047,-0.40698414120405235,-1.2385255524184242,0.5636566332218507,-0.5075828590504455
S-mcslope-rsi3<15-sma5+choch,S,mcslope,3,15,sma5+choch,IS,849,0.5924617196702002,0.002058898147264221,1.1486685849749758,5.167255594817433,0.0800942285041225,0.030011008791998695,-0.1369405696500262,0.3357110376367284,0.3178571428571429,-0.4574524076343894
S-mcslope-rsi3<15-sma5+choch,S,mcslope,3,15,sma5+choch,OOS,984,0.5538617886178862,-0.004659030558501847,0.7255623139046462,5.467479674796748,0.12195121951219512,-0.0766324475200022,-0.2748612726845244,-0.9508984470098736,0.3494983277591973,-0.3554266576705611
S-mcslope-rsi3<15-time5,S,mcslope,3,15,time5,IS,852,0.5105633802816901,0.0038563795415999503,1.2350031991790553,7.037558685446009,0.04342723004694836,0.04418117332488536,-0.1907560610071486,0.4120750243498188,0.38849206349206356,-0.49308094067698954
S-mcslope-rsi3<15-time5,S,mcslope,3,15,time5,OOS,982,0.46028513238289204,-0.004864955694472148,0.7433910109706319,7.051934826883911,0.06619144602851323,-0.07767399100145522,-0.28488924694078743,-0.8137879916515676,0.4413600891861762,-0.4745131553626484
