expert,band,mode,strategy,status,n_strats_in_cell,opt_id,genes,population,generations,robust_fitness,best_fitness,rank_fitness,top_rank_persisted,top_bt_id,top_ga_matched,top_profit,top_car,top_max_dd,top_calmar,top_trades,top_win_rate,top_cap_avg_pct,top_top1_pct,top_top5_pct,top_best_year_share,top_y2020_share,top_y2022_share,top_neg_years,rank_car_top,rank_calmar_top,best_car_any_topn,rank_car_best_topn,in_top5_fitness,in_top5_car,in_top3_fitness,in_top3_car,persisted_ranks,n_rows_matched,n_rows_mismatch,n_rows_unmatched
DeterministicScorer,large,notional,S1,ok,6,349,68,140,8,True,4.734,4,1,1015,True,16454.85,17.62,-18.61,0.95,340,56.76,66.7981,9.9186,35.8805,32.6983,23.4286,2.6548,0,1,4,17.62,2,True,True,False,True,"1,2,3,4,5",5,0,0
DeterministicScorer,large,notional,S2,ok,6,350,53,60,8,True,5.6012,3,1,1018,True,13453.29,15.28,-13.64,1.12,636,29.72,48.3886,7.4926,29.4921,29.5342,10.2255,2.069,0,3,3,22.03,1,True,True,True,True,"1,2,3,4,5",3,2,0
DeterministicScorer,large,notional,S3,ok,6,351,49,60,8,True,4.1095,5,1,1023,True,6977.8,9.23,-11.23,0.82,638,25.24,38.2701,6.1782,29.5405,34.7352,28.022,-9.1225,1,5,5,16.54,4,True,True,False,False,"1,2,3,4,5",5,0,0
DeterministicScorer,large,notional,S5,ok,6,407,54,60,8,True,6.42,2,1,1221,True,14113.15,15.82,-10.9,1.45,238,50.0,38.0481,9.9401,44.7065,29.4325,25.0441,-4.0518,1,2,2,15.82,5,True,True,True,True,"1,2,3,4,5",5,0,0
DeterministicScorer,large,notional,S6,ok,6,412,44,60,8,True,7.4068,1,1,1225,True,13219.82,15.09,-9.89,1.53,188,60.11,30.7071,9.4116,29.5149,31.5655,15.8995,-1.6355,1,4,1,17.54,3,True,True,True,False,"1,2,3,4,5",5,0,0
DeterministicScorer,large,notional,S7,ok,6,413,48,60,8,True,4.03,6,1,1233,True,5918.19,8.06,-9.87,0.82,316,43.04,31.7039,5.5911,25.7284,35.131,3.6024,-9.1284,1,6,6,8.45,6,False,False,False,False,"1,2,3,4,5",5,0,0
DeterministicScorer,large,risk_atr,S1,ok,6,334,68,140,8,True,5.7361,2,1,968,True,9444.6,11.73,-8.86,1.32,271,63.1,33.9835,10.3503,28.9497,35.6298,28.1763,-7.891,1,4,2,15.77,2,True,True,True,False,"1,2,3,4,5",5,0,0
DeterministicScorer,large,risk_atr,S2,ok,6,335,53,40,8,True,4.8396,3,1,973,True,10352.01,12.59,-12.89,0.98,705,36.17,41.8281,5.6365,25.2544,31.8973,22.8124,-8.4016,1,3,3,12.85,4,True,True,True,True,"1,2,3,4,5",5,0,0
DeterministicScorer,large,risk_atr,S3,ok,6,336,49,40,8,True,4.2058,4,1,985,True,6459.57,8.67,-13.25,0.65,465,78.06,42.1781,8.8417,39.3412,23.5183,9.396,9.0672,0,5,6,9.85,6,True,True,False,False,"1,2,3,4,5",5,0,0
DeterministicScorer,large,risk_atr,S5,ok,6,371,54,60,8,True,3.8017,6,1,1093,True,6109.57,8.28,-10.89,0.76,583,26.24,33.9879,8.0088,33.2788,29.9309,23.0302,-12.2371,1,6,5,10.74,5,False,False,False,False,"1,2,3,4,5",5,0,0
DeterministicScorer,large,risk_atr,S6,ok,6,375,44,60,8,True,7.801,1,1,1107,True,27168.29,24.49,-15.59,1.57,451,54.32,48.116,6.4507,20.9393,29.6839,29.6839,1.3488,0,1,1,31.23,1,True,True,True,True,"1,2,3,4,5",5,0,0
DeterministicScorer,large,risk_atr,S7,ok,6,378,48,60,8,True,3.9854,5,1,1120,True,12783.67,14.73,-17.66,0.83,82,51.22,26.6753,10.0977,43.338,35.4027,15.7772,7.4147,0,2,4,14.73,3,True,True,False,True,"1,2,3,4,5",5,0,0
DeterministicScorer,mid,notional,S1,ok,6,352,68,140,8,True,4.5439,4,1,1025,True,15298.24,16.75,-10.62,1.58,774,63.18,30.7535,12.8168,37.2842,52.5957,10.0927,-4.8854,1,2,1,16.75,2,True,True,False,True,"1,2,3,4,5",5,0,0
DeterministicScorer,mid,notional,S2,ok,6,353,53,60,8,True,5.8929,2,1,1030,True,14658.84,16.25,-13.5,1.2,327,27.83,32.1864,5.4544,24.8863,32.2631,12.6093,-6.6788,1,3,2,16.25,3,True,True,True,True,"1,2,3,4,5",5,0,0
DeterministicScorer,mid,notional,S3,ok,6,354,49,60,8,True,3.4306,6,1,1035,True,8347.51,10.66,-12.34,0.86,1008,27.58,39.3381,10.5632,34.9772,33.2558,12.3709,-15.1367,1,5,4,10.66,5,False,True,False,False,"1,2,3,4,5",5,0,0
DeterministicScorer,mid,notional,S5,ok,6,415,54,60,8,True,5.8466,3,1,1238,True,11790.57,13.88,-11.86,1.17,162,32.72,15.5097,7.4532,31.7202,25.6129,19.8811,-7.8799,1,4,3,13.88,4,True,True,True,False,"1,2,3,4,5",5,0,0
DeterministicScorer,mid,notional,S6,ok,6,416,44,60,8,True,6.3421,1,1,1254,True,16148.39,17.39,-20.49,0.85,279,63.08,36.5605,4.8744,21.3289,26.9556,7.3327,8.9816,0,1,5,17.39,1,True,True,True,True,"1,2,3,4,5",5,0,0
DeterministicScorer,mid,notional,S7,ok,6,419,48,60,8,True,3.7038,5,1,1264,True,8317.98,10.63,-14.35,0.74,365,45.48,44.366,7.7111,31.1672,31.1073,24.4012,-21.6166,1,6,6,10.63,6,True,False,False,False,"1,2,3,4,5",5,0,0
DeterministicScorer,mid,risk_atr,S1,ok,6,339,68,140,8,True,3.9366,4,1,980,True,13998.99,15.73,-17.51,0.9,403,39.21,49.2189,10.8908,41.4456,34.731,18.3083,-2.9824,1,3,3,15.73,3,True,True,False,True,"1,2,3,4,5",5,0,0
DeterministicScorer,mid,risk_atr,S2,ok,6,341,53,60,8,True,4.3407,2,1,986,True,13519.29,15.34,-17.67,0.87,446,28.92,39.967,5.4298,25.0503,38.5756,12.9212,-14.8535,1,4,4,15.34,4,True,True,True,False,"1,2,3,4,5",5,0,0
DeterministicScorer,mid,risk_atr,S3,ok,6,342,49,60,8,True,3.4306,5,1,991,True,8347.51,10.66,-12.34,0.86,1008,27.58,39.3381,10.5632,34.9772,33.2558,12.3709,-15.1367,1,5,5,10.66,5,True,True,False,False,"1,2,3,4,5",5,0,0
DeterministicScorer,mid,risk_atr,S5,ok,6,388,54,60,8,True,4.1997,3,1,1163,True,14115.24,15.82,-13.61,1.16,106,59.43,34.3295,11.0806,47.5452,35.0292,13.3805,-5.8004,1,2,2,15.82,2,True,True,True,True,"1,2,3,4,5",5,0,0
DeterministicScorer,mid,risk_atr,S6,ok,6,389,44,60,8,True,8.4233,1,1,1175,True,20014.81,20.13,-11.75,1.71,227,54.63,25.6874,10.0189,36.807,36.1659,13.8918,-1.0664,1,1,1,20.66,1,True,True,True,True,"1,2,3,4,5",5,0,0
DeterministicScorer,mid,risk_atr,S7,ok,6,397,48,60,8,True,2.8409,6,1,1198,True,6155.79,8.33,-14.22,0.59,520,32.88,34.3027,4.7014,21.0517,47.3063,16.1103,-24.3729,1,6,6,9.44,6,False,False,False,False,"1,2,3,4,5",5,0,0
DeterministicScorer,small,notional,S1,ok,6,356,68,140,8,True,4.998,2,1,1039,True,10285.94,12.53,-14.74,0.85,329,32.83,28.0568,9.0461,32.7833,34.657,5.5651,8.0257,0,3,5,15.48,2,True,True,True,True,"1,2,3,4,5",5,0,0
DeterministicScorer,small,notional,S2,ok,6,360,53,60,8,True,5.9,1,1,1059,True,10660.47,12.87,-9.19,1.4,335,34.03,31.7307,5.468,21.7913,31.2074,21.2479,-4.3553,1,2,1,12.87,5,True,True,True,True,"1,2,3,4,5",5,0,0
DeterministicScorer,small,notional,S3,ok,6,363,49,60,8,True,1.7228,6,1,1079,True,5017.87,7.02,-8.91,0.79,975,21.74,25.3481,17.4322,43.4699,41.5236,41.5236,-6.5716,1,6,6,16.59,1,False,False,False,False,"1,2,3,4,5",5,0,0
DeterministicScorer,small,notional,S5,ok,6,423,54,60,8,True,4.2486,3,1,1273,True,7639.54,9.93,-9.61,1.03,216,37.5,22.7574,10.1552,35.0644,25.3028,20.998,0.2469,0,5,3,9.93,6,True,True,True,False,"1,2,3,4,5",5,0,0
DeterministicScorer,small,notional,S6,ok,6,425,44,60,8,True,3.5613,5,1,1288,True,7710.02,10.0,-11.08,0.9,290,52.76,25.3823,9.3107,39.6215,27.6085,13.5896,14.092,0,4,4,14.37,4,True,True,False,False,"1,2,3,4,5",5,0,0
DeterministicScorer,small,notional,S7,ok,6,428,48,60,8,True,4.0312,4,1,1317,True,12206.22,14.24,-12.7,1.12,307,35.83,39.1049,12.3647,48.0181,41.1945,41.1945,0.1088,1,1,2,14.8,3,True,True,False,True,"1,2,3,4,5",5,0,0
DeterministicScorer,small,risk_atr,S1,ok,6,346,68,140,8,True,6.6659,1,1,999,True,15822.79,17.15,-12.19,1.41,128,59.38,31.9198,19.0626,38.7575,35.0414,18.8464,5.0971,0,2,1,20.9,2,True,True,True,True,"1,2,3,4,5",5,0,0
DeterministicScorer,small,risk_atr,S2,ok,6,347,53,60,8,True,4.4727,3,1,1001,True,23431.77,22.31,-23.28,0.96,163,53.99,39.061,8.2796,32.6945,29.3867,18.6645,8.3743,0,1,4,22.31,1,True,True,True,True,"1,2,3,4,5",5,0,0
DeterministicScorer,small,risk_atr,S3,ok,6,348,49,60,8,True,1.7228,6,1,1006,True,5017.87,7.02,-8.91,0.79,975,21.74,25.3481,17.4322,43.4699,41.5236,41.5236,-6.5716,1,6,6,16.59,4,False,False,False,False,"1,2,3,4,5",5,0,0
DeterministicScorer,small,risk_atr,S5,ok,6,448,54,60,8,True,4.2486,4,1,1380,True,7639.54,9.93,-9.61,1.03,216,37.5,22.7574,10.1552,35.0644,25.3028,20.998,0.2469,0,5,3,9.93,6,True,True,False,False,"1,3,4,5",4,0,0
DeterministicScorer,small,risk_atr,S6,ok,6,439,44,60,8,True,3.5613,5,1,1352,True,7710.02,10.0,-11.08,0.9,290,52.76,25.3823,9.3107,39.6215,27.6085,13.5896,14.092,0,4,5,14.37,5,True,True,False,False,"1,2,3,4,5",5,0,0
DeterministicScorer,small,risk_atr,S7,ok,6,440,48,60,8,True,5.8358,2,1,1357,True,12844.82,14.78,-11.93,1.24,364,27.2,34.3966,8.665,31.5557,28.2937,24.9666,-0.4298,1,3,2,18.85,3,True,True,True,True,"1,2,3,4,5",5,0,0
FMPEarningsDrift,mid,notional,S1,ok,6,424,65,140,8,True,8.0036,1,1,1275,True,27855.88,24.87,-16.39,1.52,472,69.92,22.3027,3.3432,15.6092,35.1701,18.5266,35.1701,0,1,2,24.87,2,True,True,True,True,"1,2,3,4,5",5,0,0
FMPEarningsDrift,mid,notional,S2,ok,6,426,50,60,8,True,3.1814,6,1,1279,True,7174.82,9.44,-13.0,0.73,407,51.11,30.8513,9.9571,30.2496,28.1157,24.4966,-8.5617,1,6,5,9.44,6,False,False,False,False,"1,2,3,4,5",5,0,0
FMPEarningsDrift,mid,notional,S3,ok,6,427,46,60,8,True,4.1275,5,1,1293,True,11260.59,13.41,-18.46,0.73,508,40.16,30.1955,8.2195,34.6932,42.4461,42.4461,9.0988,0,5,6,18.01,3,True,True,False,False,"1,2,3,4,5",5,0,0
FMPEarningsDrift,mid,notional,S5,ok,6,503,48,60,8,True,6.6493,3,1,1600,True,14835.2,16.39,-17.73,0.92,568,18.49,29.3006,7.1892,32.652,33.4219,33.4219,8.6633,0,3,4,27.84,1,True,True,True,True,"1,2,3,4,5",5,0,0
FMPEarningsDrift,mid,notional,S6,ok,6,505,38,60,8,True,5.8427,4,1,1602,True,15628.64,17.0,-8.03,2.12,728,56.04,25.4717,2.2179,10.5192,30.8083,21.1353,30.8083,0,2,1,17.58,4,True,True,False,True,"1,2,3,4,5",5,0,0
FMPEarningsDrift,mid,notional,S7,ok,6,506,42,60,8,True,7.1425,2,1,1608,True,13834.23,15.59,-10.9,1.43,406,21.18,24.0738,7.7921,27.5412,45.9049,45.9049,26.9163,2,4,3,15.59,5,True,True,True,False,"1,2,3,4",4,0,0
FMPEarningsDrift,mid,risk_atr,S1,ok,6,370,65,140,8,True,8.2881,1,1,1088,True,34697.97,28.38,-16.28,1.74,562,69.93,25.162,3.0568,14.52,33.9367,14.2576,33.9367,0,1,1,28.38,1,True,True,True,True,"1,2,3,4,5",5,0,0
FMPEarningsDrift,mid,risk_atr,S2,ok,6,372,50,60,8,True,5.3827,3,1,1098,True,9725.64,12.0,-10.39,1.16,261,46.74,25.999,13.9745,33.9721,33.3741,33.3741,4.0518,0,2,4,12.0,5,True,True,True,True,"1,2,3,4,5",5,0,0
FMPEarningsDrift,mid,risk_atr,S3,ok,6,376,46,60,8,True,3.8974,6,1,1102,True,8589.87,10.9,-13.44,0.81,600,15.67,18.9635,11.8543,39.7604,28.3811,28.3811,14.639,0,5,6,22.6,2,False,True,False,False,"1,2,3,4,5",5,0,0
FMPEarningsDrift,mid,risk_atr,S5,ok,6,472,49,60,8,True,5.92,2,1,1469,True,9555.7,11.84,-8.87,1.33,362,45.86,28.7607,8.1431,34.7891,30.9996,30.9996,11.0667,0,3,3,12.27,4,True,True,True,True,"1,2,3,4,5",5,0,0
FMPEarningsDrift,mid,risk_atr,S6,ok,6,473,39,60,8,True,4.5309,5,1,1478,True,7996.86,10.3,-6.97,1.48,558,51.08,17.5972,5.3335,19.2651,28.7031,25.5605,10.0461,0,6,2,12.9,3,True,False,False,False,"1,2,3,5",4,0,0
FMPEarningsDrift,mid,risk_atr,S7,ok,6,475,43,60,8,True,5.2323,4,1,1482,True,9034.06,11.34,-10.71,1.06,207,36.23,25.3523,5.8512,25.1272,32.4992,29.6008,-3.7258,1,4,5,11.95,6,True,True,False,False,"1,2,3,4,5",5,0,0
FMPEarningsDrift,small,notional,S1,ok,6,437,65,140,8,True,5.6202,3,1,1355,True,10334.93,12.57,-16.3,0.77,776,30.15,34.0085,8.1965,31.6477,32.0355,32.0355,19.6742,0,5,5,14.08,4,True,True,True,False,"1,2,3,4,5",5,0,0
FMPEarningsDrift,small,notional,S2,ok,6,441,50,60,8,True,7.826,1,1,1363,True,13551.57,15.36,-10.84,1.42,471,22.29,33.7462,6.2834,24.9063,23.4073,16.7798,11.1694,0,2,1,22.79,1,True,True,True,True,"1,2,3,4,5",5,0,0
FMPEarningsDrift,small,notional,S3,ok,6,443,46,60,8,True,4.3415,5,1,1373,True,10627.64,12.84,-14.63,0.88,221,43.89,34.5894,10.5642,38.6302,38.1846,29.9513,-11.3001,1,4,4,12.84,6,True,True,False,False,"1,2,3,4,5",5,0,0
FMPEarningsDrift,small,notional,S5,ok,6,515,48,60,8,True,6.5014,2,1,1650,True,11663.12,13.77,-10.59,1.3,616,29.06,33.2947,6.6369,21.5161,28.5088,28.5088,3.1532,0,3,2,13.77,5,True,True,True,True,"1,2,3,4,5",5,0,0
FMPEarningsDrift,small,notional,S6,ok,6,517,38,60,8,True,3.7504,6,1,1660,True,4854.04,6.83,-12.73,0.54,236,41.1,13.5754,8.4092,29.8315,31.9653,16.5893,15.268,0,6,6,18.58,2,False,False,False,False,"1,2,3,4,5",5,0,0
FMPEarningsDrift,small,notional,S7,ok,6,518,42,60,8,True,4.7708,4,1,1666,True,15985.92,17.27,-17.92,0.96,570,31.05,44.2463,16.9089,37.6833,38.2467,26.1284,-11.5886,1,1,3,17.27,3,True,True,False,True,"1,2,3,4",4,0,0
FMPEarningsDrift,small,risk_atr,S1,ok,6,386,65,140,8,True,5.8525,2,1,1168,True,10087.46,12.34,-11.58,1.07,580,39.66,28.5795,12.5135,39.804,29.0122,25.0769,29.0122,0,4,2,15.57,3,True,True,True,False,"1,2,3,4,5",5,0,0
FMPEarningsDrift,small,risk_atr,S2,ok,6,395,50,60,8,True,4.9974,3,1,1183,True,8590.95,10.9,-12.28,0.89,311,29.9,35.3848,11.3506,31.5843,25.9368,18.4242,10.8745,0,5,3,12.2,5,True,True,True,False,"1,2,3,4,5",5,0,0
FMPEarningsDrift,small,risk_atr,S3,ok,6,411,46,60,8,True,4.3415,4,1,1228,True,10627.64,12.84,-14.63,0.88,221,43.89,34.5894,10.5642,38.6302,38.1846,29.9513,-11.3001,1,3,5,13.83,4,True,True,False,True,"1,2,3,4,5",5,0,0
FMPEarningsDrift,small,risk_atr,S5,ok,6,486,49,60,8,True,6.1358,1,1,1518,True,16887.16,17.94,-14.24,1.26,368,54.08,35.1526,12.8689,41.0416,29.6756,29.6756,0.629,0,2,1,17.94,2,True,True,True,True,"1,2,3,4,5",5,0,0
FMPEarningsDrift,small,risk_atr,S6,ok,6,488,39,60,8,True,3.774,6,1,1528,True,18770.36,19.28,-23.12,0.83,365,52.05,43.6695,12.5214,35.0036,41.6398,17.5376,-3.764,1,1,6,19.28,1,False,True,False,True,"1,3,4,5",4,0,0
FMPEarningsDrift,small,risk_atr,S7,ok,6,490,43,60,8,True,3.8614,5,1,1536,True,6240.4,8.43,-9.44,0.89,201,47.26,17.0772,5.4203,22.759,34.8985,34.8985,0.5248,0,6,4,10.51,6,True,False,False,False,"1,2,3,4,5",5,0,0
FMPInsiderClusterBuy,mid,notional,S1,ok,6,430,63,140,8,True,7.4758,1,1,1298,True,14081.83,15.79,-9.38,1.68,269,78.07,23.4922,6.2763,26.5721,50.2474,50.2474,6.7231,0,1,1,15.79,2,True,True,True,True,"1,2,3,4,5",5,0,0
FMPInsiderClusterBuy,mid,notional,S2,ok,6,431,48,60,8,True,0.1043,6,1,1303,True,4840.37,6.81,-9.99,0.68,145,48.97,14.2934,22.828,78.8836,37.7208,37.7208,1.1293,1,6,3,8.48,6,False,False,False,False,"1,2,3,4,5",5,0,0
FMPInsiderClusterBuy,mid,notional,S3,ok,6,432,44,60,8,True,0.3549,4,1,1308,True,5735.87,7.86,-18.25,0.43,219,31.05,23.846,22.4313,74.4957,37.7681,37.7681,-0.848,1,4,6,9.44,4,True,True,False,False,"1,2,3,4,5",5,0,0
FMPInsiderClusterBuy,mid,notional,S5,ok,6,507,46,60,8,True,0.2772,5,1,1615,True,8407.64,10.72,-21.54,0.5,169,47.93,22.9245,29.963,78.9324,45.3392,45.3392,-2.2953,1,3,5,14.96,3,True,True,False,True,"1,2,3,5",4,0,0
FMPInsiderClusterBuy,mid,notional,S6,ok,6,509,36,60,8,True,1.7788,3,1,1619,True,5244.71,7.29,-13.22,0.55,158,62.03,12.0039,7.9028,32.8507,60.9122,60.9122,-7.5915,1,5,4,8.94,5,True,True,True,False,"1,2,3,4,5",5,0,0
FMPInsiderClusterBuy,mid,notional,S7,ok,6,510,40,60,8,True,2.2629,2,1,1628,True,11634.65,13.74,-13.17,1.04,108,30.56,14.4092,11.1196,48.138,73.8977,73.8977,-15.1648,1,2,2,15.91,1,True,True,True,True,"1,2,3,4,5",5,0,0
FMPInsiderClusterBuy,mid,risk_atr,S1,ok,6,377,63,140,8,True,4.0136,1,1,1113,True,16771.97,17.86,-13.16,1.36,181,63.54,34.0138,13.5888,52.8921,52.8852,52.8852,8.2111,0,1,1,17.86,2,True,True,True,True,"1,2,3,4,5",5,0,0
FMPInsiderClusterBuy,mid,risk_atr,S2,ok,6,379,48,60,8,True,0.498,5,1,1129,True,8896.65,11.2,-20.4,0.55,152,31.58,24.2201,25.8107,74.6462,36.0952,32.8832,1.192,0,2,4,13.0,3,True,True,False,True,"1,2,3,4,5",5,0,0
FMPInsiderClusterBuy,mid,risk_atr,S3,ok,6,380,44,60,8,True,0.0226,6,1,1138,True,3345.19,4.93,-16.4,0.3,206,31.07,11.3343,25.216,86.6449,42.7214,17.0275,-26.6869,1,6,6,18.81,1,False,False,False,False,"1,2,3,4,5",5,0,0
FMPInsiderClusterBuy,mid,risk_atr,S5,ok,6,476,47,60,8,True,2.9092,2,1,1487,True,4044.24,5.83,-9.74,0.6,305,19.34,20.4902,7.2468,35.2184,86.6808,86.6808,-11.8345,2,5,3,5.83,6,True,True,True,False,"1,2,3,4",4,0,0
FMPInsiderClusterBuy,mid,risk_atr,S6,ok,6,477,37,60,8,True,2.2312,3,1,1495,True,5631.15,7.74,-11.24,0.69,290,44.14,14.9683,11.2015,33.2611,46.689,46.689,2.1103,0,3,2,8.04,5,True,True,True,True,"1,2,3,4,5",5,0,0
FMPInsiderClusterBuy,mid,risk_atr,S7,ok,6,479,41,60,8,True,2.1915,4,1,1500,True,4739.27,6.69,-14.91,0.45,191,45.55,22.6271,7.9773,31.7525,49.4694,49.4694,-22.3175,1,4,5,10.51,4,True,True,False,False,"1,2,3,4",4,0,0
FMPInsiderClusterBuy,small,notional,S1,ok,6,447,63,140,8,True,13.1641,1,1,1389,True,25898.61,23.77,-9.74,2.44,244,86.48,17.9153,5.1758,17.4037,36.6963,36.6963,13.3146,0,1,1,27.41,1,True,True,True,True,"1,2,3,4,5",5,0,0
FMPInsiderClusterBuy,small,notional,S2,ok,6,454,48,60,8,True,0.1888,6,1,1391,True,1887.04,2.93,-4.81,0.61,89,39.33,3.0434,12.9473,58.1688,33.2953,33.2953,28.0861,0,6,4,4.44,6,False,False,False,False,"1,2,3,4,5",5,0,0
FMPInsiderClusterBuy,small,notional,S3,ok,6,455,44,60,8,True,1.9841,4,1,1410,True,10510.84,12.73,-22.83,0.56,339,35.4,24.1784,9.804,45.4473,59.6711,59.6711,-21.3646,1,3,5,12.73,4,True,True,False,True,"1,2,3,4,5",5,0,0
FMPInsiderClusterBuy,small,notional,S5,ok,6,519,46,60,8,True,1.3418,5,1,1671,True,6308.02,8.5,-16.62,0.51,392,19.13,26.522,33.6101,56.9404,42.353,42.353,-26.1364,1,5,6,10.1,5,True,True,False,False,"1,2,3,4",4,0,0
FMPInsiderClusterBuy,small,notional,S6,ok,6,520,36,60,8,True,2.8547,3,1,1678,True,9758.81,12.03,-14.67,0.82,213,58.69,20.1844,8.0243,24.8445,34.0974,34.0974,-2.6165,1,4,3,14.25,3,True,True,True,False,"1,2,3,4",4,0,0
FMPInsiderClusterBuy,small,notional,S7,ok,6,521,40,60,8,True,4.7756,2,1,1681,True,22673.31,21.84,-17.52,1.25,168,25.0,18.9809,10.2236,41.7717,29.947,17.5442,29.947,0,2,2,21.84,2,True,True,True,True,"1,2,3,4,5",5,0,0
FMPInsiderClusterBuy,small,risk_atr,S1,ok,6,414,63,140,8,True,13.1641,1,1,1245,True,25898.61,23.77,-9.74,2.44,244,86.48,17.9153,5.1758,17.4037,36.6963,36.6963,13.3146,0,1,1,27.41,1,True,True,True,True,"1,2,3,4,5",5,0,0
FMPInsiderClusterBuy,small,risk_atr,S2,ok,6,417,48,60,8,True,0.673,6,1,1247,True,2216.46,3.4,-6.99,0.49,232,25.0,13.1757,10.8443,48.2983,59.8359,59.8359,9.0286,1,6,5,9.71,4,False,False,False,False,"1,2,3,4,5",5,0,0
FMPInsiderClusterBuy,small,risk_atr,S3,ok,6,418,44,60,8,True,1.9841,4,1,1256,True,10510.84,12.73,-22.83,0.56,339,35.4,24.1784,9.804,45.4473,59.6711,59.6711,-21.3646,1,2,4,12.73,2,True,True,False,True,"1,2,3,4,5",5,0,0
FMPInsiderClusterBuy,small,risk_atr,S5,ok,6,492,47,60,8,True,2.138,3,1,1548,True,5293.72,7.35,-11.79,0.62,142,24.65,19.7149,10.151,45.2317,65.5814,65.5814,1.4277,0,4,3,7.35,5,True,True,True,False,"1,2,4,5",4,0,0
FMPInsiderClusterBuy,small,risk_atr,S6,ok,6,494,37,60,8,True,5.2069,2,1,1553,True,7041.12,9.3,-10.41,0.89,188,59.04,15.7314,6.5921,23.4045,36.4815,36.4815,17.1439,0,3,2,10.11,3,True,True,True,True,"1,2,3,4,5",5,0,0
FMPInsiderClusterBuy,small,risk_atr,S7,ok,6,495,41,60,8,True,1.8784,5,1,1563,True,3766.56,5.48,-12.81,0.43,172,45.93,12.7745,11.9231,39.8,43.2145,43.2145,-14.4648,1,5,6,5.48,6,True,True,False,False,"1,2,3,4,5",5,0,0
FMPRating,large,notional,S1,ok,6,390,65,140,8,True,7.995,2,1,1178,True,8075.53,15.99,-9.03,1.77,257,56.03,32.5641,8.0922,32.5742,45.4928,0.0,-0.8644,1,2,1,17.49,2,True,True,True,True,"1,2,3,4,5",5,0,0
FMPRating,large,notional,S2,ok,6,396,50,70,8,True,5.9677,4,1,1185,True,6376.04,13.16,-7.69,1.71,134,24.63,24.3297,10.1791,43.1072,42.2795,0.0,-5.9263,1,4,2,14.13,4,True,True,False,False,"1,2,3,4,5",5,0,0
FMPRating,large,notional,S3,ok,6,398,46,70,8,True,5.9412,5,1,1193,True,5634.66,11.85,-8.08,1.47,140,67.86,37.1478,13.3193,36.3604,41.849,0.0,14.0439,0,5,4,11.85,5,True,True,False,False,"1,2,3,4,5",5,0,0
FMPRating,large,notional,S5,ok,6,497,48,70,8,True,4.4351,6,1,1568,True,4651.5,10.05,-11.33,0.89,133,39.1,35.2266,7.4934,35.8943,62.9635,0.0,-12.0803,1,6,6,10.05,6,False,False,False,False,"1,2,3,4,5",5,0,0
FMPRating,large,notional,S6,ok,6,498,38,70,8,True,8.5274,1,1,1572,True,11133.94,20.63,-12.19,1.69,198,53.54,35.5181,11.1381,40.1004,45.3657,0.0,7.0091,0,1,3,21.23,1,True,True,True,True,"1,2,3,4,5",5,0,0
FMPRating,large,notional,S7,ok,6,499,42,60,8,True,7.0814,3,1,1578,True,7445.63,14.97,-10.57,1.42,126,40.48,33.1763,8.8349,34.5049,43.5238,0.0,-10.1037,1,3,5,14.97,3,True,True,True,True,"1,2,3,4,5",5,0,0
FMPRating,large,risk_atr,S1,ok,6,358,65,140,8,True,5.5521,4,1,1046,True,8196.69,16.19,-14.58,1.11,297,60.94,30.4816,9.3111,32.834,43.7529,0.0,-14.0685,1,1,4,16.19,2,True,True,False,True,"1,2,3,4,5",5,0,0
FMPRating,large,risk_atr,S2,ok,6,359,50,70,8,True,5.9248,3,1,1049,True,7512.49,15.08,-9.12,1.65,140,20.0,23.0205,11.1626,45.7619,41.3047,0.0,-9.7465,1,3,1,15.6,3,True,True,True,True,"1,2,3,4,5",5,0,0
FMPRating,large,risk_atr,S3,ok,6,361,46,70,8,True,5.9412,2,1,1055,True,5634.66,11.85,-8.08,1.47,140,67.86,37.1478,13.3193,36.3604,41.849,0.0,14.0439,0,4,3,11.85,4,True,True,True,False,"1,2,3,4,5",5,0,0
FMPRating,large,risk_atr,S5,ok,6,461,51,70,8,True,3.367,6,1,1427,True,4603.62,9.96,-15.21,0.65,373,41.29,38.595,8.886,41.8524,42.0946,0.0,-19.9476,1,5,6,9.96,6,False,True,False,False,"1,2,3,5",4,0,0
FMPRating,large,risk_atr,S6,ok,6,462,41,70,8,True,7.4655,1,1,1431,True,7759.65,15.48,-9.59,1.61,229,59.39,28.2648,6.9314,21.1773,37.4762,0.0,10.5206,0,2,2,18.96,1,True,True,True,True,"1,2,3,4,5",5,0,0
FMPRating,large,risk_atr,S7,ok,6,463,45,60,8,True,3.854,5,1,1443,True,3577.82,7.97,-10.34,0.77,277,45.49,30.714,5.6322,25.9004,61.0594,0.0,-26.1813,1,6,5,10.67,5,True,False,False,False,"1,2,3,5",4,0,0
FMPRating,mid,notional,S1,ok,6,399,65,140,8,True,6.0466,1,1,1200,True,8511.27,16.69,-15.24,1.09,200,52.5,22.0784,6.7374,31.0329,38.818,0.0,36.4167,0,1,3,16.69,3,True,True,True,True,"1,2,3,4,5",5,0,0
FMPRating,mid,notional,S2,ok,6,400,50,70,8,True,1.7947,6,1,1208,True,3652.33,8.12,-6.42,1.26,255,32.94,16.692,15.0107,50.3186,36.0106,0.0,22.4778,0,5,2,17.27,2,False,True,False,False,"1,2,3,4,5",5,0,0
FMPRating,mid,notional,S3,ok,6,402,46,70,8,True,2.7803,5,1,1217,True,2979.11,6.75,-11.29,0.6,809,40.67,36.5006,7.4166,29.8106,58.2044,0.0,-10.1414,1,6,6,8.21,5,True,False,False,False,"1,2,3,4,5",5,0,0
FMPRating,mid,notional,S5,ok,6,500,48,70,8,True,3.1221,4,1,1579,True,3686.02,8.18,-13.1,0.62,538,39.78,35.911,7.128,26.1348,71.6094,0.0,-33.3521,1,4,5,8.18,6,True,True,False,False,"1,2,4,5",4,0,0
FMPRating,mid,notional,S6,ok,6,501,38,70,8,True,3.4511,3,1,1584,True,4411.51,9.59,-5.54,1.73,144,45.83,22.5092,15.6656,55.9535,28.662,0.0,26.777,0,2,1,13.1,4,True,True,True,True,"1,2,3,4,5",5,0,0
FMPRating,mid,notional,S7,ok,6,502,42,60,8,True,3.6745,2,1,1588,True,3796.47,8.4,-11.43,0.73,284,43.66,28.1287,11.9097,37.0279,66.4147,0.0,-6.6997,1,3,4,17.4,1,True,True,True,True,"1,2,3,4",4,0,0
FMPRating,mid,risk_atr,S1,ok,6,364,65,140,8,True,6.0466,2,1,1070,True,8511.27,16.69,-15.24,1.09,200,52.5,22.0784,6.7374,31.0329,38.818,0.0,36.4167,0,1,3,16.69,1,True,True,True,True,"1,2,3,4,5",5,0,0
FMPRating,mid,risk_atr,S2,ok,6,365,50,70,8,True,1.7947,6,1,1074,True,3652.33,8.12,-6.42,1.26,255,32.94,16.692,15.0107,50.3186,36.0106,0.0,22.4778,0,5,2,8.12,6,False,True,False,False,"1,2,3,4,5",5,0,0
FMPRating,mid,risk_atr,S3,ok,6,366,46,70,8,True,2.7803,4,1,1087,True,2979.11,6.75,-11.29,0.6,809,40.67,36.5006,7.4166,29.8106,58.2044,0.0,-10.1414,1,6,6,8.21,5,True,False,False,False,"1,2,3,4,5",5,0,0
FMPRating,mid,risk_atr,S5,ok,6,465,51,70,8,True,1.9656,5,1,1448,True,6939.67,14.12,-15.0,0.94,207,51.69,29.2781,31.1466,58.0356,59.2406,0.0,7.9457,0,3,4,14.12,3,True,True,False,True,"1,2,4,5",4,0,0
FMPRating,mid,risk_atr,S6,ok,6,466,41,70,8,True,3.7046,3,1,1453,True,5637.6,11.86,-14.0,0.85,1322,34.11,37.9087,11.6226,38.6804,43.8589,0.0,2.0583,0,4,5,11.86,4,True,True,True,False,"1,2,3,4,5",5,0,0
FMPRating,mid,risk_atr,S7,ok,6,471,43,60,8,True,7.9555,1,1,1468,True,7392.91,14.88,-10.96,1.36,144,38.89,26.7267,9.778,31.1204,33.4757,0.0,19.6517,0,2,1,14.88,2,True,True,True,True,"1,2,3,4",4,0,0
FMPRating,small,notional,S1,ok,6,433,65,140,8,True,6.7675,2,1,1330,True,17378.77,28.72,-13.53,2.12,387,27.65,26.1175,15.2937,50.9148,49.5218,0.0,1.9733,0,1,1,36.99,1,True,True,True,True,"1,2,3,4,5",5,0,0
FMPRating,small,notional,S2,ok,6,435,50,70,8,True,1.6304,4,1,1333,True,6185.35,12.83,-15.62,0.82,144,18.75,15.3272,19.7343,60.1365,40.9354,0.0,18.065,0,4,3,12.83,4,True,True,False,False,"1,2,3,4,5",5,0,0
FMPRating,small,notional,S3,ok,6,436,46,70,8,True,0.0,5,1,1338,,6268.67,12.97,-22.12,0.59,162,36.42,20.7565,39.2412,130.1653,34.7425,0.0,30.2555,0,3,5,17.38,3,True,True,False,True,"1,2,3,4,5",4,0,1
FMPRating,small,notional,S5,ok,6,511,48,70,8,True,3.0985,3,1,1631,True,3278.43,7.37,-11.03,0.67,484,41.53,30.337,10.285,36.8313,36.8439,0.0,10.3754,0,6,4,7.37,6,True,False,True,False,"1,2,3,5",4,0,0
FMPRating,small,notional,S6,ok,6,513,38,70,8,True,13.3002,1,1,1641,True,9144.68,17.69,-12.1,1.46,94,54.26,12.3015,15.173,42.3168,28.2727,0.0,28.2727,0,2,2,17.69,2,True,True,True,True,"1,2,3,4,5",5,0,0
FMPRating,small,notional,S7,ok,6,514,42,60,8,True,0.0,6,1,1642,,3592.89,8.0,-34.84,0.23,51,7.84,18.6897,79.0641,166.0302,70.7558,0.0,-13.913,1,5,6,8.0,5,False,True,False,False,"1,3,5",2,0,1
FMPRating,small,risk_atr,S1,ok,6,383,65,140,8,True,6.3941,1,1,1148,True,10256.11,19.35,-17.16,1.13,436,45.64,27.5831,10.0605,41.9813,34.876,0.0,8.9151,0,1,2,19.35,2,True,True,True,True,"1,2,3,4,5",5,0,0
FMPRating,small,risk_atr,S2,ok,6,384,50,70,8,True,0.8976,5,1,1153,True,9580.32,18.34,-15.67,1.17,101,23.76,17.5182,40.5333,70.0834,49.5718,0.0,25.1568,0,2,1,23.95,1,True,True,False,True,"1,2,3,4,5",5,0,0
FMPRating,small,risk_atr,S3,ok,6,385,46,70,8,True,0.2724,6,1,1162,True,3642.56,8.1,-11.67,0.69,207,29.95,16.9629,23.3251,74.5396,49.8291,0.0,-8.2352,1,5,5,15.78,3,False,True,False,False,"1,2,3,4,5",5,0,0
FMPRating,small,risk_atr,S5,ok,6,480,49,70,8,True,2.2925,4,1,1504,True,2178.08,5.06,-10.62,0.48,304,29.93,23.8697,8.1732,35.4909,50.5024,0.0,-5.6681,1,6,6,5.45,6,True,False,False,False,"1,2,3,5",4,0,0
FMPRating,small,risk_atr,S6,ok,6,481,39,70,8,True,3.8628,3,1,1508,True,5113.73,10.91,-12.05,0.91,198,61.11,17.7606,5.3736,19.1069,43.9165,0.0,31.3865,0,4,4,11.0,5,True,True,True,False,"1,2,3,4,5",5,0,0
FMPRating,small,risk_atr,S7,ok,6,482,43,60,8,True,4.076,2,1,1513,True,5954.69,12.42,-13.34,0.93,193,36.79,25.3858,16.3987,44.8562,51.5574,0.0,19.3807,0,3,3,12.42,4,True,True,True,True,"1,2,3,4,5",5,0,0
FMPSenateTraderWeight,all,notional,S1,ok,6,493,69,40,8,True,4.7453,4,1,1555,True,8960.89,11.26,-11.45,0.98,296,54.73,32.015,9.1035,41.3364,34.6019,29.4553,-3.5356,1,4,4,11.68,3,True,True,False,False,"1,2,3,5",4,0,0
FMPSenateTraderWeight,all,notional,S2,ok,6,496,54,40,8,True,3.0909,6,1,1592,True,4644.62,6.57,-7.41,0.89,1114,27.74,30.0932,4.1162,19.2579,35.0269,35.0269,-11.8324,1,6,6,9.7,6,False,False,False,False,"1,2,3,4,5",5,0,0
FMPSenateTraderWeight,all,notional,S3,ok,6,504,50,40,8,True,4.3944,5,1,1613,True,8965.8,11.27,-12.38,0.91,376,41.76,34.0966,8.4231,32.2488,30.6418,30.6418,1.7214,0,3,5,11.37,4,True,True,False,True,"1,2,3,5",4,0,0
FMPSenateTraderWeight,all,notional,S5,ok,6,508,55,40,8,True,5.8333,1,1,1634,True,9473.34,11.76,-10.08,1.17,269,30.86,26.1204,10.2125,39.0354,29.0062,29.0062,-5.8937,1,2,2,12.57,2,True,True,True,True,"1,2,3,4",4,0,0
FMPSenateTraderWeight,all,notional,S6,ok,6,512,45,40,8,True,5.4619,2,1,1645,True,12338.03,14.35,-9.65,1.49,405,61.23,39.2149,4.0996,19.4899,37.1253,21.5378,6.7732,0,1,1,14.42,1,True,True,True,True,"1,2,3,4,5",5,0,0
FMPSenateTraderWeight,all,notional,S7,ok,6,516,49,40,8,True,5.415,3,1,1658,True,8521.75,10.83,-9.22,1.17,241,43.57,30.3974,8.3816,36.092,28.3546,25.3794,-1.7672,1,5,3,10.83,5,True,True,True,False,"1,2,3,4,5",5,0,0
FMPSenateTraderWeight,all,risk_atr,S1,ok,6,460,72,40,8,True,6.1688,1,1,1439,True,11952.73,14.02,-11.25,1.25,178,33.71,29.9174,9.4075,36.9417,36.7114,35.2615,-9.5776,1,1,2,15.0,1,True,True,True,True,"1,2,3,4,5",5,0,0
FMPSenateTraderWeight,all,risk_atr,S2,ok,6,470,55,40,8,True,5.1881,4,1,1475,False,7508.4,9.79,-8.87,1.1,516,44.57,37.5443,5.938,26.2321,33.2813,32.4787,-4.1346,1,5,4,9.92,5,True,True,False,False,"1,2,4,5",3,1,0
FMPSenateTraderWeight,all,risk_atr,S3,ok,6,474,51,40,8,True,5.44,3,1,1494,True,8567.24,10.88,-9.38,1.16,351,31.62,29.4482,8.2878,26.4165,37.2593,37.2593,-7.2821,1,3,3,10.99,3,True,True,True,True,"1,2,3,4",4,0,0
FMPSenateTraderWeight,all,risk_atr,S5,ok,6,487,56,40,8,True,5.5741,2,1,1523,True,8923.22,11.23,-7.3,1.54,677,36.04,36.8324,4.1187,20.3432,29.4822,29.1905,-6.4379,1,2,1,11.23,2,True,True,True,True,"1,2,3,4,5",5,0,0
FMPSenateTraderWeight,all,risk_atr,S6,ok,6,489,46,40,8,True,4.2308,5,1,1534,True,7778.31,10.08,-9.61,1.05,546,60.07,29.6423,4.8295,15.4463,33.373,33.373,6.5397,1,4,5,10.08,4,True,True,False,False,"1,2,3,5",4,0,0
FMPSenateTraderWeight,all,risk_atr,S7,ok,6,491,50,40,8,True,3.9493,6,1,1541,True,6373.66,8.57,-10.85,0.79,201,43.78,32.7528,4.948,24.0675,30.1437,30.0713,-6.9908,1,6,6,8.57,6,False,False,False,False,"1,2,4,5",4,0,0
